Message,Sentimiento
Me estan cobrando muy cara la factura y me quiero retirar,Negativo
Llevo más de 3 meses queriendo cancelar mi servicio,Negativo
@DIRECTVGOAyuda No me deja entrar con mi cuenta pic.twitter.com/8Pm4AvPPgb,Negativo
"@DIRECTVGOAyuda Buenos días, he intentado en varias ocasiones usar el servicio de DirectvGO y no se me ha permitido autorizar las aplicaciones en la web, tengo Plan Oro y no veo porqué no pueda realizarlo. Agradezco cualquier ayuda al respecto.",Negativo
"@DIRECTVGOAyuda hola, hay una opción para entrar con MIDIRECTV, pero en chile se entra con RUT no con email a MIDIRECTV, por lo tanto hace imposible entrar a la “nueva plataforma”...",Negativo
Hola intento ingresar a DIRECTV go con mi DIRECTV y no me lo permite favor sus comentarios,Negativo
@DIRECTVGOAyuda hola buenas no puedo acceder con MIDIRECTV favor su ayuda gracias,Negativo
@DIRECTVGOAyuda Fallo al iniciar sesión,Negativo
@DIRECTVGOAyuda Ese link es solo para ingresar desde computador porque intento ingresar desde mi teléfono y me arroga error,Negativo
Yo tengo cuenta con ustedes y no me deja ingresar,Negativo
Tengo cuenta mí direct TV y no me deja entrar,Negativo
"@DIRECTVGOAyuda Pero no permite , da error https://t.co/jww1A3NSj8",Negativo
@DIRECTVGOAyuda Nuevamente,Negativo
"@DIRECTVGOAyuda No me ha pasado hoy puntualmente, no me deja desde un principio, debo hacer algo?",Negativo
"@DIRECTVGO Desde que tengo Directv no he podido ingresar a la plataforma. Tengo Oro HD y simplemente no puedo ingresar, aparece ""Fallo de inicio de sesión"", sin embargo, a Midirectv ingreso sin problemas",Negativo
"@DIRECTVServicio porque no puedo ingresar a Directvgo desde Midirectv??? dice que el correo y la contraseña están mal, ingreso de Midirectv y funciona. 😕",Negativo
"ingreso a la pagina 
 me deja ingresar solo mi correo y despues nada mas",Negativo
"Hola! Quiero tener acceso a DIRECTV go, tengo plan Oro HD, descargué pero no me permite ingresar... el titular es Claudia Isabel Torres y la cédula es 41894666",Negativo
"@DIRECTVGOAyuda Hola! Quiero tener acceso a DIRECTV go, tengo plan Oro HD, descargué la app pero no me permite ingresar :(",Negativo
"Buenas tardes, soy cliente y tengo plan oro HD y segun vuestra publicidad deberia poder ver directv go ingresando con el mail registrado en midirecv, pues bien trato de entrar y me indica que los datos son erroneos el problema es que con esos mismos datos entro a midirectv, publicidad engañosa o hay que hacer algo mas para ingresar a directv go?",Negativo
"Buenas tardes, soy cliente y tengo plan oro HD y segun vuestra publicidad deberia poder ver directv go ingresando con el mail registrado en midirecv, pues bien trato de entrar y me indica que los datos son erroneos el problema es que con esos mismos datos entro a midirectv, publicidad engañosa o hay que hacer algo mas para ingresar a directv go?",Negativo
@DIRECTVGO Buenas noches me gustaría saber porque si mi plan es oro no puedo acceder y probar la plataforma gracias.,Negativo
@DIRECTVGOAyuda Me sale que no puedo acceder,Negativo
"@DIRECTVGO En Venezuela no tengo acceso a la aplicación desde mis dispositivos 😔 y tengo OROHD. La palabra que usaría es SERIES, COMEDIA, ANIMACION, FICCION, DEPORTE Y FANTASÍA 😬😁😁😁",Negativo
"@DIRECTVGO No puedo cambiar mi login con el RUT por el mail, y por lo tanto no me deja logear como MIDIRECTV. Cómo lo arreglo?",Negativo
@DIRECTVGOAyuda Qué pasa si mi autenticación de midirectv es con el rut?,Negativo
@DIRECTVGOAyuda soy cliente de DIRECTV y no puedo ingresar ni como cliente!,Negativo
"Por favor, Ayuda. No puedo ingresar a DirectvGO",Negativo
"@DIRECTVGOAyuda El mismo mensaje. ""e-mail o contraseña son incorrectas""",Negativo
"@DIRECTVGOAyuda :Hola,tengo un plan Oro pero no puedo ingresar a Directv Go con mi clave porque ?",Negativo
@DIRECTVGOAyuda Lo hice pero dice clave o correo no corresponde ?,Negativo
Soy usuario de DirecTV e intente ingresar con mi correo y clave y dice que no lo tengo disponible que debo cambiar mi plan,Negativo
Soy usuario de DirecTV e intente ingresar con mi correo y clave y dice que no lo tengo disponible que debo cambiar mi plan,Negativo
@DIRECTVCo Estoy intentando ingresar a @DIRECTVGO y no me deja ! ¿Qué hago? Ayer me estaba funcionando perfecto !!!,Negativo
@DIRECTVCo Estoy intentando ingresar a @DIRECTVGO y no me deja ! ¿Qué hago? Ayer me estaba funcionando perfecto !!!,Negativo
"Buenos días, he intentado en varias ocasiones usar el servicio de DirectvGO y no se me ha permitido autorizar las aplicaciones en la web, tengo Plan Oro y no veo porqué no pueda realizarlo.
 Agradezco cualquier ayuda al respecto.",Negativo
"@DIRECTVGO @DIRECTVGOAyuda ya po! Quiero ver transmisiones en vivo con subtítulos, arreglen eso. Soy cliente oro y puedo tener la app, pero al poner subtítulos en español no sale nada 😕. Solucionan eso y será una aplicación perfecta",Negativo
@DIRECTVGOAyuda Hola buenas tardes compra un kit directv prepago ya lo instale lo recargue y lo Active pero aún no se me ve ningún canal me ve me sale error 711 como soluciono eso,Negativo
@DIRECTVGOAyuda No veo la diferencia entonces con directvplay allí puedo ver mi plan por mi dispositivos. Sería igual con ésta nueva plataforma. Creo que retomare Netflix. no veo nada nuevo. Gracias por su tiempo.,Negativo
Es mejor Netflix.,Negativo
80 o 65 mil pesos al mes por #DIRECTVGO es un abuso si uni con 30 mil pesos paga netflix para 4 televisores. CONTEXTUALICENSE @DIRECTVCo,Negativo
Lo funciona con Chromecast. Para cuando la actualización?,Negativo
Falta la app para chromcast y sería perfecto 🙏🏼,Negativo
"@DIRECTVGOAyuda hola, quería daber cuánto cuesta el servicio. En la pagina web no pude encontrar esta información",
"Por qué no ponen el precio? Lo vi en la página y tampoco está. Solo dice que ponga el número de mi tarjeta de crédito, y pafff, te cobramos a los 7 días. Pero cuanto? Es tan caro que no Se puede publicar? Los precios de la TV satelital si están. Qué onda?",Negativo
"@DIRECTVGO Consulta, es necesario tener un plan para poder ver DIRECTVgo o se puede contratar aparte?",Positivo
Nesesito un servicio de esa tv.quiero la informacion para afiliarme,Positivo
@DIRECTVGO Faltan dos temporada de los soprano,Negativo
Pero no hemos encontrado por donde ver HBO en DirectvGo..,Negativo
@DIRECTVGO es muy bueno pero debería estar disponible para todos los dispositivos no solo para algunos,Negativo
"@DIRECTVGO quise contratar Directv Go, pero no funciona en todas las smart tv, solo en las samsung. en otras marca de tv hay que usarlo por navegador. un asco.",Negativo
"@DIRECTVGOAyuda alguien ha podido averiguar que modelos en Chile son compatibles con la APP, consulte en SAC @SamsungChile y no tienen idea",Negativo
"Una farsa
 Tengo un Smartv Samsung 4k y chromecast y nada, no puedo ver.la aplicacion con nada, una verdadera basura, nadie responde nada y gaste casi 14 lucas con publicidad engañosa",Negativo
"En mi smart tv Samsung falla mucho la app:
 Se bloquean las series, falla el sonido (no se escucha nada), en señal en vivo se traba (se detiene), pone lento el tv....
 En fin puro problema y poca solución",Negativo
@DIRECTVGOAyuda OK gracias! El único problema es que tengo TV LG 😥 pero al menos vía web lo podré usar,Negativo
"Buenos día, tengo directv con ustedes pero no he podido disfrutar de directv go porque mi tv es smart LG Pero no.tiene esa aplicación",Negativo
Buenas tarde. Lo que pasa es que tengo contratado DirecTV go con ustedes pero el problema es que mi tv smart Lg no tiene esa aplicación para instalarla,Negativo
"@DIRECTVGOAyuda Buenas tardes, no funciona. Probado en Samsung S9 y Tab2 https://t.co/TSrGuMqs22",Negativo
Me gustó la app pero no me funciona en mi Samsung,Negativo
"Tengo directv plan ORO!!!
  Paquetes Premium fox _ hbo
  Y en mi Smart TV samsung de la serie (6) UN40J6500A, 
  NOOOO!! APARECE ESA MALDITA APP! 
  Señores desarrolladores por favor cuando la van a subir a la tienda Smart HUB para esta serie de TV!! 
  Estoy pagando un plan de demasiado dinero 
  Respuesta: buenos días apreciado cliente Comunícate al centro de servicio de directv go! 
  🖕🖕🖕🖕👎👎👎💩😡😠",Negativo
"Tengo directv plan ORO!!!
  Paquetes Premium fox _ hbo
  Y en mi Smart TV samsung de la serie (6) UN40J6500A, 
  NOOOO!! APARECE ESA MALDITA APP! 
  Señores desarrolladores por favor cuando la van a subir a la tienda Smart HUB para esta serie de TV!! 
  Estoy pagando un plan de demasiado dinero 
  Respuesta: buenos días apreciado cliente Comunícate al centro de servicio de directv go! 
  🖕🖕🖕🖕👎👎👎💩😡😠",Negativo
"Tengo directv plan ORO!!!
  Paquetes Premium fox _ hbo
  Y en mi Smart TV samsung de la serie (6) UN40J6500A, 
  NOOOO!! APARECE ESA MALDITA APP! 
  Señores desarrolladores por favor cuando la van a subir a la tienda Smart HUB para esta serie de TV!! 
  Estoy pagando un plan de demasiado dinero 
  Respuesta: buenos días apreciado cliente Comunícate al centro de servicio de directv go! 
  🖕🖕🖕🖕👎👎👎💩😡😠",Negativo
"Tengo directv plan ORO!!!
  Paquetes Premium fox _ hbo
  Y en mi Smart TV samsung de la serie (6) UN40J6500A, 
  NOOOO!! APARECE ESA MALDITA APP! 
  Señores desarrolladores por favor cuando la van a subir a la tienda Smart HUB para esta serie de TV!! 
  Estoy pagando un plan de demasiado dinero 
  Respuesta: buenos días apreciado cliente Comunícate al centro de servicio de directv go! 
  🖕🖕🖕🖕👎👎👎💩😡😠",Negativo
"Tengo directv plan ORO!!!
  Paquetes Premium fox _ hbo
  Y en mi Smart TV samsung de la serie (6) UN40J6500A, 
  NOOOO!! APARECE ESA MALDITA APP! 
  Señores desarrolladores por favor cuando la van a subir a la tienda Smart HUB para esta serie de TV!! 
  Estoy pagando un plan de demasiado dinero 
  Respuesta: buenos días apreciado cliente Comunícate al centro de servicio de directv go! 
  🖕🖕🖕🖕👎👎👎💩😡😠",Negativo
"Tengo directv plan ORO!!!
  Paquetes Premium fox _ hbo
  Y en mi Smart TV samsung de la serie (6) UN40J6500A, 
  NOOOO!! APARECE ESA MALDITA APP! 
  Señores desarrolladores por favor cuando la van a subir a la tienda Smart HUB para esta serie de TV!! 
  Estoy pagando un plan de demasiado dinero 
  Respuesta: buenos días apreciado cliente Comunícate al centro de servicio de directv go! 
  🖕🖕🖕🖕👎👎👎💩😡😠",Negativo
"@DIRECTVGOAyuda @DIRECTVServicio Si. Exactamente éso hago. Ingreso el mismo correo de Midirectv, mi país y la misma contraseña. Si lo hago desde un PC o notebook me dice que la clave o el correo es erróneo. Si lo hago desde un smartphone o tablet me dice error al iniciar sesión",Negativo
Por roku sirve,Negativo
Jajaja ladrones!!! Envidia que lo roben en la cara a uno siiiii como noooooo jajaja,Negativo
"Envidia, tales como"" tener la reja mas alta del pasaje de la pobla """,Negativo
Vivo de las apariencias y me muero por tener la envidia de la gente dame 4 Directv go ya!!!! En serio no tenían otra matriz publicitaria que apelar a las inseguridades de los idiotas?,Negativo
"@DIRECTVGOAyuda hola, tengo problemas para acceder a la página de internet",Negativo
"@DIRECTVGOAyuda Hola, no puedo ingresar a la página de internet.",Negativo
"Lo que pasa es que yo tenía su servicio, yo lo cancele y ustedes me pedian los equipos... ya se los mande y aún siguen enviando mensajes pidiéndome los equipos",Negativo
Así es Santiago... Tienen gente bastante incompetentes,Negativo
@DIRECTVGO Ese mismo servicio vtr lo tiene gratis.... Por q creen q alguien querría Directv go??,Negativo
"@Daniel_McDean @DIRECTVGO Me ofrezco como voluntario al combo para verla juntos!! Llevo el maíz pira 😜
 
 También soy consentidor, y hago buenos masajes 😊😊😊",Neutro
"@SoyAndrejo @DIRECTVGO Yo, ya vi las siete temporadas de Juego de Tronos... Ese fue mi regalo de diciembre...",Neutro
@Daniel_McDean @DIRECTVGO @DIRECTVCo ¿cuál me recomiendas?,Neutro
@SoyAndrejo @DIRECTVGO AYÑÑÑ ÑOOOOOOOOOOOOOO ME MUERO,Neutro
"2♥19
 2🎫19
 2🏆19
 2⚽19
 2🎬19
 2🐉19
 2🍿19
 2📱19
 2💻19
 2🖥19
 
 ¡RT PARA QUE NUNCA TE FALTE LO MÁS IMPORTANTE ESTE AÑO NUEVO! #DIRECTVGO",Neutro
@DIRECTVGO Deportes,Neutro
"mui,,sierto",Neutro
asied,Neutro
@DIRECTVGO Drama,Neutro
@DIRECTVGO Deportes!,Neutro
@DIRECTVGO Clásicos,Neutro
@DIRECTVGO Comedias,Neutro
@DIRECTVGO suspenso.,Neutro
Soi el maestro Pedro de lochacon me interesa,Neutro
@DIRECTVGO Comedia,Neutro
@Daniel_McDean @DIRECTVGO Hagamos maratón!!!! Yey!!!,Neutro
@DIRECTVGO Series,Neutro
@profesorruffino @DIRECTVGO Grandes logros crack 😎,Neutro
"Son 7 días de prueba, si ya pasaron, ahora estás pagando.",Neutro
@DIRECTVGO @OnDIRECTV Es mejor vtr :),Neutro
@DIRECTVGO Accion,Neutro
@DIRECTVGO Drama,Neutro
@DIRECTVGO Porque para vzla no está activa directvgo?,Neutro
Mas malo soy tengo platinum y esa plata forma no sirve ni para in gresar,Neutro
@DIRECTVGO 2⚽️19,Neutro
Para cuando directv go en argentina,Neutro
Con mi #DIRECTVGO podré disfrutar el mejor fútbol este 2019 y los mejores goles de #LaLiga🇪🇸,Neutro
@Soy_Birome Hola. Respondimos a tu consulta por mensaje interno. *JP,Neutro
que hermosa,Neutro
@DIRECTVGOAyuda @DIRECTVGO Muchas gracias. Saludos,Neutro
@DIRECTVGOAyuda @DIRECTVGO Estaré atento,Neutro
@GalvisSoyYo @DIRECTVGO Anotado.,Neutro
@Valdedrama @DIRECTVGO @DIRECTVCo Amor. Miremos GOT que este año acaba. :3,Neutro
Hola,Neutro
@DIRECTVGO Drama,Neutro
"#CopaDelRey 🇪🇸🏆⚽ / 8º de Final - Ida
 Athletic Bilbao (@AthleticClub) 🆚 Sevilla (@SevillaFC)
 🎤Relatos: @haasenico
 🎙Comentarios: @SebasDecker
 🤳#FútbolEnDIRECTV / #AthleticSevillaFC
 📺🌎 DIRECTV Sports (❌🇧🇴🇵🇾)
 📱💻 DIRECTV Play y DIRECTV Go
 Den 🔃 y/o 💟 https://t.co/IbAXgUjKI9",Neutro
"#CopaDelRey 🇪🇸🏆⚽ / 8º de Final - Ida
 Betis (@RealBetis) 🆚 Real Sociedad (@RealSociedad)
 🎤Relatos: @federodas
 🎙Comentarios: @CastellanosCami
 🤳#FútbolEnDIRECTV / #RealBetisRealSociedad
 📺🌎 DIRECTV Sports 2 (❌🇧🇴🇵🇾)
 📱💻 DIRECTV Play y DIRECTV Go
 Den 🔃 y/o 💟 https://t.co/APSP6hkOXu",Neutro
"#CopaDelRey 🇪🇸🏆⚽ / 8º de Final - Ida
 Levante (@LevanteUD) 🆚 FC Barcelona (@FCBarcelona_es)
 🎤Relatos: @FDVENE
 🎙Comentarios: @Gustavo_che
 🤳#FútbolEnDIRECTV / #LevanteBarça
 📺🌎 DIRECTV Sports (❌🇧🇴🇵🇾)
 📱💻 DIRECTV Play y DIRECTV Go
 Den 🔃 y/o 💟 https://t.co/bgLkK87y6d",Neutro
"@VTRsoporte @Soy_Birome Yo voy a sacar el Servicio de @VTRChile en los próximos días, era fanático de @EuropaEuropaTV. Dan excelentes series. Haciendo gestiones para @DIRECTVGO",Neutro
Andrés Márquez estoy en la versión gratis y no he pagado nada,Neutro
@DIRECTVGO comedia... saludos,Neutro
Hola 👋 me gustan muchos sus promociones de 7 días por tres mil no la an puesto? Gracias muy buena sus promociones,Neutro
chile,Neutro
@Daniel_McDean @DIRECTVGO 😵😵😵 muero tengo q acabarlo yaaaa,Neutro
"Resource at '/content/ott/cl/es/centro-de-soluciones/clientes-tv-satelital/acceso-a-directv-go/-como-entro-a-directv-go-con-las-credenciales-de-midirectv-.html' not found: No resource found
 
 Cannot serve request to /content/ott/cl/es/centro-de-soluciones/clientes-tv-satelital/acceso-a-directv-go/-como-entro-a-directv-go-con-las-credenciales-de-midirectv-.html on this server",Neutro
eso me sale al clickear el link,Neutro
arroja lo mismo al clickear el nuevo link,Neutro
cambie de navegador y sigue saliendo lo mismo,Neutro
Naim de la chica del anuncio es para una investigación gracias,Neutro
ok gracias,Neutro
"@DIRECTVGO Deportes, saludos desde Longavi Chile",Neutro
Ni yo,Neutro
@DIRECTVGO Clasicos,Neutro
Cuando para Venezuela? twitter.com/DIRECTVGO/stat…,Neutro
@DIRECTVGO Comedia,Neutro
@DIRECTVGO Clásico,Neutro
@DIRECTVGO Suspenso,Neutro
@DIRECTVGO Acción,Neutro
@DIRECTVGO Para suscribirme definitivamente!!,Neutro
"Si hay foto, hay video.",Neutro
puedes hacer todos los cambios que quieras pero nunca dejes ser la Pau que conocí.. .jeje se le recuerda mucho,Neutro
"Juan Aníbal te felicito tu linda forma de ver la realidad de la vida las mujeres no es por la edad hay lindas de corazón la ley de la vida es las edades.un hombre de 50 O más es interesante también. Da amor igual,más a un no hay precio una buena compañía todo no es sexo tampoco .. por eso está esté mundo cómo está te deseó siempre lo.mejor María Claudia Hernández Cadavid",Neutro
Hola,Neutro
@DIRECTVGO Comedia,Neutro
Ese es mi inconveniente,Neutro
Ambos,Neutro
Serie 5 y serie 6,Neutro
Ok intentaré hacerlo muchas gracias,Neutro
Ahí dice que busque la aplicación en la tienda pero ese es el detalle no sale,Neutro
Es Colombia donde estoy,Neutro
Eso es en la página web ?,Neutro
Ok eso haré gracias,Neutro
@DIRECTVGOAyuda @DIRECTVGO Medellin- Colombia.,Neutro
@DIRECTVGOAyuda No,Neutro
@DIRECTVGOAyuda E intentado con muchas o deportes y nada.,Neutro
"Si, pónganme a la niña deliciosa en una bolsa para llevar jajajaja",Neutro
Serie 5 y 6,Neutro
Que vi algo de eso en la página,Neutro
Ok muchas gracias,Neutro
Para que publican maricadas si no contestan asi sera el servicio de bueno como la atención dejan mucho que decir,Neutro
"[SERIES] #TrueDetective 
 La tercera temporada de la aclamada serie creación de Nic Pizzolatto llega este domingo a la pantalla de @HBOLAT con estreno de episodio doble y acá te detallamos TODO lo que podés esperar:
 cuatrobastardos.com/2019/01/10/tru…",Neutro
Siempre con el rrey arturo es un orgullo asegir,Neutro
Alguien dijo porno??? Hay algun link por ahi???,Neutro
"Mark Rufalo en si tuviera 30, es lo más hermoso de la vida.",Neutro
"Contratando cualquier plan Oro viene gratis la App.
 Para más información me pueden escribir al WhatsApp +56965605171 rápida instalación 🤗",Neutro
@Daniel_McDean @DIRECTVGO O la tienen grabada en su dvr! 😏,Neutro
Vea a ve,Neutro
A ganar se ha dicho wn,Neutro
"Profe Ernesto, nos quedamos afuera de la copa la culpa será suya.",Neutro
pero bien q la otra vez no me funcionaba el canal 11 .-. twitter.com/DIRECTVGO/stat…,Neutro
Bryand Sanchez Palacios no es como esos servicios de streaming no se equivoqué,Neutro
Juancho Juan con el catálogo on demand sale en 140,Neutro
"si, ya lo compré Jaja",Neutro
Y siguen con su Patetica publicidad....,Neutro
Directv Soy Maxo Mogis no tengo servecio desde 5 decembre hasta ahora chanaral alto camino chacarilla,Neutro
Para cuando en consolas?,Neutro
Qué bueno,Neutro
Grande Barcelona de Arturo Vidal chileno 🤭😁🇨🇱🇪🇸🌏⚽👏👏,Neutro
"Moises Lorca Que lata es tu trabajo y tienes que cuidarlo. Pero la realidad es que las calidad del servicio en general de la televisión por cable no guarda relación alguna con los precios.
 No puedes hacer una selección de canales al gusto del consumidor.
 Hay propaganda indiscriminada, aunque es un servicio pagado.
 Una pelicula que dura una hora y media, la cortan tanto que estás tratando de verla como por tres horas.
 Cuando porfin encuentras algo se hecha a perder la trasmisión.
 Por esa razón cortamos la TV por cable y la TV pública, lo mismo, exceso de publicidad, circo y mentiras.",Neutro
Parece pettans,Neutro
Yo sé quién es. Si les interesa inbox. Ya que borraron mi comentario 😒,Neutro
@SoyAndrejo @DIRECTVGO Cuando tendrán Rocko y Aaaaah Moustros de verdad!,Neutro
A un compañero de trabajo Directv lo estafo,Neutro
"Myriam Luz Vera Parra que lata y que pena su situación .. La verdad es que mi trabajo y la experiencia que llevó me ha dejado mucho éxito gracias a Dios ... Y la estadística en cuanto a calidad del servicio muestran lo contrario a lo que ud manifiesta, por lo tanto es una pena que a ud en particular, le haya pasado tan mala experiencia con el servicio.",Neutro
Sjcebyncnjfrbybj,Neutro
La verdad que DirecTV go es mil veces mejor que contratar valga la redundancia DirecTV por contrato,Neutro
"☠☠NO SE DIGA MAS☠☠☠ DIRECTV📢SUPER PROMOCION 2019🔥
 
 COMPRA HOY👈 PAGA EN ABRIL😱
 
 LLAMA YA📲 3219789666
 
 #oigamirevea #santiagodecali #colombia#directvsports #directvplay #directvgo",Neutro
Hola buen dia,Neutro
Sólo necesito Internet,Neutro
Que planes manejan,Neutro
L,Neutro
"Si Haces apuestas deportivas y deseas ganar Escribeme y sigueme y ganar dinero🇨🇴
 Que Esperas Para Ganar Escribirme Al Whatsapp +573013339350 Y Por Sólo 10milPesos Recibes Los Mejores Pronósticos Deportivos Juega Y Gana🇨🇴",Neutro
@DIRECTVGO Porno con enanos albinos,Neutro
@Daniel_McDean @DIRECTVGO Maratón?,Neutro
F c b,Neutro
"Todo lo que ofrecen ellos y más, y lo mejor más barato!
 https://www.facebook.com/TVPLAY.COLOMBIA/",Neutro
"Todo lo que ofrecen ellos y más, y lo mejor más barato!
 https://www.facebook.com/TVPLAY.COLOMBIA/",Neutro
"Todo lo que ofrecen ellos y más, y lo mejor más barato!
 https://www.facebook.com/TVPLAY.COLOMBIA/",Neutro
"Todo lo que ofrecen ellos y más, y lo mejor más barato!
 https://www.facebook.com/TVPLAY.COLOMBIA/",Neutro
menos mal no soy el unico que siente un impulso diferente a querer tener directv.,Neutro
"@jpbogota @milotellez9 @DIRECTVGO Sí, funciona perfecto, lo usaba con los partidos del mundial",Neutro
"@devescobar @milotellez9 @DIRECTVGO Mmmm.. directv go , no drirectv play.. el play funciona genial.. :D",Neutro
@jpbogota @milotellez9 @DIRECTVGO Entonces ese no lo he usado,Neutro
Sergio Palacios le mande imbox,Neutro
"#NBA🏀 2018-19'
 #CUsRise (@Celtics) 🆚 #HEATCulture (@MiamiHEAT)
 🎤Relatos: @brunovain
 🎙Comentarios: @FranciscoBlavia
 🤳#NBAenDIRECTV / #NBATwitter
 📺🌎 DIRECTV Sports 2 (❌🇧🇴🇵🇾)
 📱💻 DIRECTV Play y DIRECTV Go
 Den 🔃 y/o 💟 https://t.co/MzlCznXsW7",Neutro
"#NBA🏀 2018-19'
 #ThunderUp (@okcthunder) 🆚 #GoSpursGo (@spurs)
 🎤Relatos: @nachogarciad
 🎙Comentarios: @FranciscoBlavia
 🤳#NBAenDIRECTV / #NBATwitter
 📺🌎 DIRECTV Sports 2 (❌🇧🇴🇵🇾)
 📱💻 DIRECTV Play y DIRECTV Go
 Den 🔃 y/o 💟 https://t.co/Sl4PFk4iBE",Neutro
Hl,Neutro
"Crispetas 🍿+ pijama deliriosweetdreams + mis series favoritas + directvgo= Uno de mis planes favoritos, a ustedes con quien les gusta hacer este plan??? •
 •
 •
 •____________________________________
 
 #bogota #colombia #pijama #blogger #deco #bedroom #directtv #decoration #crispetas #popcorn",Neutro
Que clase de servicio es .Sin antena?,Neutro
@DIRECTVGOAyuda Y FoxSports?,Neutro
Vamos prendiendo el carbón que hoy Vidal se consgra,Neutro
Ok,Neutro
Para poder ver desde el televisor,Neutro
Cómo?,Neutro
Hol,Neutro
De q se trata,Neutro
Me quería registrar como cliente para acceder a directv play directv go pero no me deja registrarme,Neutro
@JuanoDelGuano Hasta hace poco vi esa película y concuerdo totalmente !! ❤️,Neutro
"Mi puntaje para DBS Broly: 9/10.
 Pues es mi primer pelicula de db en el cine y LA IMAGEN Y SONIDO GODDDDDDDD genial.",Neutro
Hoy se estreno la película Dragón Ball Súper y por pobre no la puedo ir a ver 💔,Neutro
La pelicula de Dragon Ball Broly esta muy buena o por lo menos a mi me gusto mucho,Neutro
Mejoren la internet,Neutro
@SoyAndrejo @DIRECTVGO No sabía esto tan maravilloso,Neutro
"@DIRECTVGO #2🇨🇱22 
 #Kast",Neutro
@DIRECTVGOAyuda @DIRECTVServicio DIRECTV internet @DIRECTVServicio pero cuando estoy en el proceso misteriosamente se cae la llamada.,Neutro
Ok,Neutro
@DIRECTVGO Ni pensarlo ACCIÓN,Neutro
@pccardenash @DIRECTVGOAyuda Yo lo dije. Donde me deja el cambio del menú. @DIRECTVServicio q caos,Neutro
@DIRECTVGO Maravilloso!!! Muchas gracias 😉🤗,Neutro
@DIRECTVGO twitter.com/PGondzalez/sta…,Neutro
Ah ok muchísimas graciasy,Neutro
"Jajaja, en transmilenio, eso si no tiene presentación.",Neutro
"Hola como llegaron,anoche",Neutro
"Hola como llegaron,anoche",Neutro
@DIRECTVGOAyuda 🤔 De Chile,Neutro
"Cuando entra a escena el enano, el perro, la gorda, el abuelo, les shemales y la amputada... y la porno se pone beeélica...",Neutro
"En los viajes haces de todo... Caminas, corres, bailas, saltas, nadas y hasta duermes!...
 Pero a veces yo solo quiero relajarme, encontrar un buen spot y ver mi serie favorita....
 .
 .
 .
 Ustedes son más de Series o Películas? . . . 
 directvgo
 #travel
 #colombia",Neutro
Será normal empezar y terminar una serie en un día?????,Neutro
"⚔🛡""When you play a Game of Thrones, you win or you die""🛡⚔. ••• 🐲✨¡Por todos los dioses nuevos y antiguos! ¡Falta poquísimo para que se estrene la última temporada de Juego de Tronos! Yo voy a aprovechar para volver a ver toda la serie en la nueva app de DIRECTVGO, que tiene cientos de series y pelis. ¿Cuál es tu personaje favorito?✨🐲 ••• 💡🎥Recuerden que la app de DirectvGO la pueden usar de manera gratuita si tienen el Plan Oro o superior. Y, si no, ¡de todas maneras pueden tenerla pagando una mensualidad! 🎥💡 ••• #AGameOfThrones #GameOfThrones #GoT #JuegoDeTronos #ASongOfIceAndFire #CanciónDeHieloYFuego #GeorgeRRMartin #FuegoYSangre #FireAndBlood #DIRECTV #DIRECTVGO #Ad #Book #Bookish #BookWorm #BookNerd #BookLover #BookLion #Bookstagram #Bookstagrammer #Instabooks #Reader #ReaderOfInstagram",Neutro
"⚔🛡""When you play a Game of Thrones, you win or you die""🛡⚔. ••• 🐲✨¡Por todos los dioses nuevos y antiguos! ¡Falta poquísimo para que se estrene la última temporada de Juego de Tronos! Yo voy a aprovechar para volver a ver toda la serie en la nueva app de DIRECTVGO, que tiene cientos de series y pelis. ¿Cuál es tu personaje favorito?✨🐲 ••• 💡🎥Recuerden que la app de DirectvGO la pueden usar de manera gratuita si tienen el Plan Oro o superior. Y, si no, ¡de todas maneras pueden tenerla pagando una mensualidad! 🎥💡 ••• #AGameOfThrones #GameOfThrones #GoT #JuegoDeTronos #ASongOfIceAndFire #CanciónDeHieloYFuego #GeorgeRRMartin #FuegoYSangre #FireAndBlood #DIRECTV #DIRECTVGO #Ad #Book #Bookish #BookWorm #BookNerd #BookLover #BookLion #Bookstagram #Bookstagrammer #Instabooks #Reader #ReaderOfInstagram",Neutro
@tuto_ramirez_ @DIRECTVGO Suele suceder,Neutro
Felizzz cumple!! Miles de bendiciones...,Neutro
.,Neutro
y el pack,Neutro
@DIRECTVGO @DIRECTVGOAyuda Gracias!,Neutro
@DIRECTVGO #CodigoRodezel @rodezel,Neutro
"Copia de DirecTVNOW, lol",Neutro
"""Sigues usando esa palabra. No significa lo que crees que significa.""",Neutro
Hola,Neutro
Up,Neutro
"No me subestimes,no necesito tu basura.",Neutro
Hola... Me gustaría poder contratar el cable.. cómo lo debo hacer?,Neutro
Eeeoooooo,Neutro
Cuanto habrán pagado por esa cagá de campaña piruja?,Neutro
Publicista cesante ... Se sabe,Neutro
Ah como si faltaran arrogantes...,Neutro
Con esa cara de weeta no podi ser superior a nadie 😂😂,Neutro
Victor Alfonso Prieto Gonzalez de tanto jalarse ese ganzo ya quedó ciego.. La vieja de la foto no es ella...,Neutro
José Gabriel López García,Neutro
Y el pack?,Neutro
"Es de suma importancia que mis amigos estén actualizados en cuanto a memes, videos virales, series y demás temas importantes de conversación.",Neutro
Llevo una semana con tres series terminadas.,Neutro
Te envío inbox con la información,Neutro
"@Daniel_McDean @DIRECTVGO @DIRECTVCo Tenemos mucha tarea, Dani. Menos mal @DIRECTVGO existe.",Neutro
@SoyAndrejo @DIRECTVGO Jajajaja inolvidables 😍,Neutro
@Daniel_McDean @DIRECTVGO Estamos en las mismas,Neutro
la mejor forma de pasar el insomnio son las series,Neutro
La idea es tener el plan oro hd o plus hd o 4k para q pueda aprovechar el directvgo yo lo tengo y no he tenido problema tiene 90 canales en vivo y 5000 títulos me dan aparte de los canales q ofrecen ademas si alguien les interesa soy ejecutiva de directv dejo mi número +56986451222,Neutro
nesecito un servicio de directivi,Neutro
"FINALMENTE📢📢ATENCION👈
 
 DIRECTV🌐INTERNET
 
 COMPRA HOY PAGA📢📢 EN ABRIL😱ABRIL😱ABRIL😱
 
 LLAMA YA📲 3219789666
 #directvsports #oigamirevea #santiagodecali #directvgo",Neutro
"@DIRECTVGO ca 0u
 
 p9o9",Neutro
Claudio Andres Galarce Alcantara,Neutro
Quiero solicitar la devolución del dinero por una compra de directv go,Neutro
ÑKhZJyY Tz j ii o,Neutro
hola,Neutro
Nesecito saber si mi hijo puede contratar,Neutro
18318031_2,Neutro
Aparte solo se puede en 1 dispositivo pico en el.ojo siii,Neutro
Adquiera ya su plan en pospago con Avantel desde 40000 comuníquese al whatssap 3132389397.,Neutro
Adquiera ya su plan en pospago con Avantel desde 40000 comuníquese al whatssap 3132389397.,Neutro
Adquiera ya su plan en pospago con Avantel desde 40000 comuníquese al whatssap 3132389397.,Neutro
Adquiera ya su plan en pospago con Avantel desde 40000 comuníquese al whatssap 3132389397.,Neutro
"Tengo pack oro en @DIRECTVChile y no ""me alcanza"" para ver contenido HBOGO. 
 Alguien sabe como poder ver estos capítulos domingo en la noche?
 Gracias!",Neutro
Me enganche con otra serie y ahora quien me saca de mi casa ?,Neutro
@DIRECTVGO No tiene porno? 😢,Neutro
Y yo esperando todo el rato :v,Neutro
Hola necesito el internet informacion,Neutro
Hola bunas tarde,Neutro
Necesito internet,Neutro
"no, no es alaska",Neutro
@DIRECTVGOAyuda gracias!!!,Neutro
@DIRECTVGO Y si las tengo descargadas 🤔,Neutro
Directiv go,Neutro
Quiero servicio de directiv go,Neutro
Chile,Neutro
Hola puede responder,Neutro
X f,Neutro
Recargue 40000 y se los robaron,Neutro
Adquiera ya su plan en pospago con Avantel desde 40000 comuníquese al whatssap 3132389397.,Neutro
Adquiera ya su plan en pospago con Avantel desde 40000 comuníquese al whatssap 3132389397.,Neutro
300 j4 core con 15 dias de uso,Neutro
@DIRECTVGOAyuda La República de Chile,Neutro
"@DIRECTVGOAyuda hola tengo un tablet de 10"" con Android 4.4 y no me toma la aplicación y según el requisito mínimo es 4.4 para que modelos de tablet funciona?",Neutro
⁦@DIRECTVGOAyuda⁩ esta info me aparece https://t.co/M4pzCS9fii,Neutro
Leny Beiiby Riivera aún así el costo es desproporcionado con respecto al servicio. Es streaming y televisión IP.,Neutro
Recargue 40000 y se los robaron,Neutro
"#PremierLeague 🏴󠁧󠁢󠁥󠁮󠁧󠁿⚽ / Fecha 22
 West Ham (@WestHamEspanol) 🆚 Arsenal (@OfficialAFC_ES)
 🎤Relatos: @pedrobozoa
 🎙Comentarios: @Gustavo_che
 🤳#FútbolEnDIRECTV / #WHUARS - #PL
 📺🌎 DIRECTV Sports + y DIRECTV 4K Ultra HD (❌🇧🇴🇵🇾)
 📱💻 DIRECTV Play y DIRECTV Go
 Den 🔃 y/o 💟 https://t.co/1zGnVtCpQi",Neutro
"#PremierLeague 🏴󠁧󠁢󠁥󠁮󠁧󠁿⚽ / Fecha 22
 Burnley (@BurnleyOfficial) 🆚 Fulham (@FulhamFC)
 🎤Relatos: @nachogarciad
 🎙Comentarios: @FranciscoBlavia
 🤳#FútbolEnDIRECTV / #BURFUL - #PL
 📺🌎 DIRECTV Sports + (❌🇧🇴🇵🇾)
 📱💻 DIRECTV Play y DIRECTV Go
 Den 🔃 y/o 💟 https://t.co/yX6PUHPXUS",Neutro
"#PremierLeague 🏴󠁧󠁢󠁥󠁮󠁧󠁿⚽ / Fecha 22
 Leicester City (@LCFC) 🆚 Southampton (@SouthamptonFC)
 🎤Relatos: @jesuseacosta
 🎙Comentarios: @CarlitosSuarez
 🤳#FútbolEnDIRECTV / #LEISOU - #PL
 📺🌎 DIRECTV Sports / 614 - 1614 HD (❌🇧🇴🇵🇾)
 📱💻 DIRECTV Play y DIRECTV Go
 Den 🔃 y/o 💟 https://t.co/jyn7OIagDS",Neutro
"#LaLigaSantander 🇪🇸⚽ / Fecha 19
 Girona (@GironaFC) 🆚 Deportivo Alavés (@Alaves)
 🎤Relatos: @federodas
 🎙Comentarios: @SebasDecker
 🤳#FútbolEnDIRECTV / #GironaAlavés - #LaLiga
 📺🌎 DIRECTV Sports (❌🇧🇴🇵🇾)
 📱💻 DIRECTV Play y DIRECTV Go
 Den 🔃 y/o 💟 https://t.co/Rcq4hiDM2o",Neutro
"#LaLigaSantander 🇪🇸⚽ / Fecha 19
 Villarreal (@VillarrealCF) 🆚 Getafe (@GetafeCF)
 🎤Relatos: @fpetrocelli
 🎙Comentarios: @rodrigojcastro
 🤳#FútbolEnDIRECTV / #VillarrealGetafe - #LaLiga
 📺🌎 DIRECTV Sports (❌🇧🇴🇵🇾)
 📱💻 DIRECTV Play y DIRECTV Go
 Den 🔃 y/o 💟 https://t.co/sdg6gQRbH7",Neutro
"#CoppaItalia 🇮🇹🏆⚽ / Octavos de Final
 Lazio (@OfficialSSLazio) 🆚 Novara (@NovaraChannel)
 🎤Relatos: @federodas
 🎙Comentarios: @ManuOlivari
 🤳#FútbolEnDIRECTV / #LazioNovara
 📺🌎 DIRECTV Sports 2 (❌🇧🇴🇵🇾)
 📱💻 DIRECTV Play y DIRECTV Go
 Den 🔃 y/o 💟 https://t.co/olUXtNAay6",Neutro
"#CoppaItalia 🇮🇹🏆⚽ / Octavos de Final
 Sampdoria (@sampdoria) 🆚 AC Milan (@acmilan)
 🎤Relatos: @pedrobozoa
 🎙Comentarios: @rodrigojcastro
 🤳#FútbolEnDIRECTV / #SampMilan
 📺🌎 DIRECTV Sports 2 (❌🇧🇴🇵🇾)
 📱💻 DIRECTV Play y DIRECTV Go
 Den 🔃 y/o 💟 https://t.co/jUbE0rIQth",Neutro
"#CoppaItalia 🇮🇹🏆⚽ / Octavos de Final
 Bologna (@BfcOfficialPage) 🆚 Juventus (@juventusfces)
 🎤Relatos: @FDVENE
 🎙Comentarios: @SebasDecker
 🤳#FútbolEnDIRECTV / #BolognaJuve
 📺🌎 DIRECTV Sports 2 (❌🇧🇴🇵🇾)
 📱💻 DIRECTV Play y DIRECTV Go
 Den 🔃 y/o 💟 https://t.co/C5Abs4CYLd",Neutro
@DIRECTVGO Yo pirateo directv jejeje,Neutro
¿Por qué todos tienen cara de orgasmo doloroso... ?,Neutro
"⊙x3tvplay es un servicio de televisión por internet que permite⊙
 ✔Ver más de 2000 canales en calidades Full HD – HD y SD;
 ✔Además tiene más de 3500 películas/series;
 ✔Dividido en categorías;
 ✔Funciona en cualquier dispositivo que tenga conexión a internet;
 ✔ Lleva tu televisión a todas partes;
 ✔Conecta hasta 3 dispositivos a la vez;
 ✔Pide tu demo de 1 horas gratis;
 ✔Ventas para todo el mundo;
 
 Consulta precio por inbox",Neutro
Jajaja,Neutro
saludos maestra. éxito en tus proyectos.,Neutro
Cristian Vega Cartes eres tu,Neutro
Nadie supers a felipe came es un gran alcon,Neutro
@DIRECTVGOAyuda Exelente muchas gracias saludos,Neutro
Cómo hago para obtener el servicio de Internet,Neutro
Ricardo voy por la patilla,Neutro
"Javier Alonso pense la misma wea, del mismo wn del ""estamos parrilla"".",Neutro
"que es un spoiler,,,, en ingleses aleron?? y en la cultura milenials?",Neutro
Que paso gorda mmmmm,Neutro
Gustavo Solar menos mal..servicio como las........ Aca en con con nadie pudo hacer nah nos aburrimos.. Y 33 lukas por venir. Movistar nos salvo jaja ✌️,Neutro
Bryand Sanchez Palacios revise su inbox,Neutro
"Hanssel Retamal mira, el astaldo ql xD",Neutro
Hay que ser muy pobre infeliz qliao pa encontrar algo de humor en esto xD,Neutro
Por favor traigan DirecTV Go a México @ATT @ATTMx,Neutro
Hola,Neutro
Cómo puedo instalar. En la televisión el programa,Neutro
Otro mandao que se siente ofendido? 😂,Neutro
Jose Camaño donde lo compro?,Neutro
"Carlos, así es",Neutro
Así es,Neutro
Andres Fernando Rosas Peña ok,Neutro
"Consigue el mejor servicio de televisión satelital promociones con dos decodificadores en alta definición 183 canales 68 en HD, la mejor experiencia en definición inigualable, promociones hasta 6 decodificadores, 2 servicios en dos casas diferentes con mismo titular. .
 Instalación gratis con pat bancario
 .
 Descuentos en instalaciones en efectivo
 .
 Instalación inmediata.
 .
 3 planes para tu entera elección o necesidad, oro hd, Oro plus hd, Oro 4k
 .
 Aveces es mejor pagar un poco más por un servicio de calidad, que pagar menos por un servicio de mala calidad y que te trae más problemas que soluciones.
 .
 Piensa en grande !
 .
 Ejecutiva en línea +56934820596📲📞💻📺💳💵📝
 .
 #chilevenezuela #chile #directv #directvgo #beneficios #entretenimiento #lomejor #contrataaqui #servicio #satelital",Neutro
Sergio Saez imbox,Neutro
Nicolás Andrés Bohórquez Carreño uff qué bueno servicio (mire los comentarios alv),Neutro
Pierde por malos,Neutro
🤣,Neutro
Bryan Alexi igualito xD,Neutro
acuerdense qe ese escudo no tiene diablo,Neutro
Amén por siempre.,Neutro
Me interesa el servicio,Neutro
Estevan Osorio esos comentarios que gononea 🤣,Neutro
JAAJAJAJAJAJ esa gente si no parce 😂😂😂😂,Neutro
@ACMilanGoleador Si tienen forma de hacer periscope desde el computador para los seguidores yo les puedo prestar cuenta de directvGo para que todos puedan ver el partido,Neutro
@WorldACMilan Si pueden hacer stream desde periscope en pc yo con todo el gusto les presto cuenta de directvgo para que puedan ver ustedes y todos los seguidores el partido,Neutro
Our cable is not working,Neutro
@DIRECTVGO @elgourmet @DIRECTVGOAyuda Gracias,Neutro
English PLEASE,Neutro
@DIRECTVGOAyuda Estoy de vacaciones..en cuanto vuelva a slgo los llamo..,Neutro
ok thanks,Neutro
Boracha,Neutro
@DIRECTVGO Yyy dvd yy y que es es cchu🏊lo rtp,Neutro
En qué consiste la prueba promocional,Neutro
James Murcia hola me interesaria saber,Neutro
"La primera temporada es buena , la segunda regular gracias 😂😂",Neutro
Potassium Fam alaskagautier en instagram creo,Neutro
@DIRECTVGO C udf uvx jhoizbyvizgxjvfvxgdzbvxvzxzczvx vAšscaAZ,Neutro
"amigo como estas, si estas interesado en tomar las promociones de CLARO para tu hogar, tenemos INTERNET + TELEFONÍA FIJA + TV por tan solo $79.900 no pagas valor de instalación y pagas tu primera factura los finales de marzo, te dejo mi numero 300 2449757 escribe por whatsapp y te asesoro mejor.",Neutro
"Que lujo de congreso. #DIRECTVGO y #congresofuturo2018 . canal 157, mentes brillantes con soluciones sencillas para proteger el planeta. Y una forma diferente de entender al ser humano mediante nuestro entorno. Felicitaciones. Gracias.",Neutro
Hola,Neutro
Y entonces para que esté medio?,Neutro
"@DIRECTVGOAyuda Como dice en la imagen, desde Chile",Neutro
@DIRECTVGO .,Neutro
"@DIRECTVGOAyuda Hace aproximadamente un mes lo hice. La ""persona"" del chat me dijo que tenía que contactarme con ""las personas"" de Mi Directv",Neutro
@DIRECTVGOAyuda @DIRECTVServicio https://t.co/QYRH8BSEZu,Neutro
"#PremierLeague 🏴󠁧󠁢󠁥󠁮󠁧󠁿⚽ / Fecha 22
 Everton (@Everton) 🆚 Bournemouth (@afcbournemouth)
 🎤Relatos: @jesuseacosta
 🎙Comentarios: @CarlitosSuarez
 🤳#FútbolEnDIRECTV / #EVEBOU - #PL
 📺🌎 DIRECTV Sports + (❌🇧🇴🇵🇾)
 📱💻 DIRECTV Play y DIRECTV Go
 Den 🔃 y/o 💟 https://t.co/r2Vs4SqtTE",Neutro
"#LaLigaSantander 🇪🇸⚽ / Fecha 19
 Atlético de Madrid (@Atleti) 🆚 Levante (@LevanteUD)
 🎤Relatos: @Alex_candal
 🎙Comentarios: @luisferpo
 🤳#FútbolEnDIRECTV / #AtletiLevante - #LaLiga
 📺🌎 DIRECTV Sports (❌🇧🇴🇵🇾)
 📱💻 DIRECTV Play y DIRECTV Go
 Den 🔃 y/o 💟 https://t.co/nGlkhg0Q0A",Neutro
"#LaLigaSantander 🇪🇸⚽ / Fecha 19
 Betis (@RealBetis) 🆚 Real Madrid (@realmadrid)
 🎤Relatos: @haasenico
 🎙Comentarios: @fpetrocelli
 🤳#FútbolEnDIRECTV / #RealBetisRealMadrid - #LaLiga
 📺🌎 DIRECTV Sports y DIRECTV 4K Ultra HD (❌🇧🇴🇵🇾)
 📱💻 DIRECTV Play y DIRECTV Go
 Den 🔃 y/o 💟 https://t.co/9MvT9W806t",Neutro
Leidy MarcelaTangarife donde vas a invitar a verlo jajajaja pero sin bullying por favor,Neutro
Puede ser en el bizcocho... Jjejee. Peace and love,Neutro
Jajajaja me parece bien,Neutro
"#Ligue1Conforama 🇫🇷⚽ / Fecha 20
 Olympique de Marsella (@OM_Espanol) 🆚 Mónaco (@AS_Monaco_ES)
 🎤Relatos: @SebaQuadrelli
 🎙Comentarios: @SebasDecker
 🤳#FútbolEnDIRECTV / #OMASM - #Ligue1
 📺🌎 DIRECTV Sports / 615 - 1615 HD (❌🇧🇴🇵🇾)
 📱💻 DIRECTV Play y DIRECTV Go
 Den 🔃 y/o 💟 https://t.co/RieWCjwneN",Neutro
"#CoppaItalia 🇮🇹🏆⚽ / Octavos de Final
 Torino (@TorinoFC_1906) 🆚 Fiorentina (@acffiorentina)
 🎤Relatos: @SebaQuadrelli
 🎙Comentarios: @rodrigojcastro
 🤳#FútbolEnDIRECTV / #TorinoFiorentina
 📺🌎 DIRECTV Sports 2 (❌🇧🇴🇵🇾)
 📱💻 DIRECTV Play y DIRECTV Go
 Den 🔃 y/o 💟 https://t.co/OhMg4F7tCL",Neutro
"#CoppaItalia 🇮🇹🏆⚽ / Octavos de Final
 Inter de Milán (@Inter_es) 🆚 Benevento (@bncalcio)
 🎤Relatos: @haasenico
 🎙Comentarios: @fpetrocelli
 🤳#FútbolEnDIRECTV / #InterBenevento
 📺🌎 DIRECTV Sports 2 (❌🇧🇴🇵🇾)
 📱💻 DIRECTV Play y DIRECTV Go
 Den 🔃 y/o 💟 https://t.co/lSFWY7mnQR",Neutro
"#CoppaItalia 🇮🇹🏆⚽ / Octavos de Final
 Napoli (@sscnapoliES) 🆚 Sassuolo (@SassuoloUS)
 🎤Relatos: @pedrobozoa
 🎙Comentarios: @rodrigojcastro
 🤳#FútbolEnDIRECTV / #NapoliSassuolo
 📺🌎 DIRECTV Sports 2 (❌🇧🇴🇵🇾)
 📱💻 DIRECTV Play y DIRECTV Go
 Den 🔃 y/o 💟 https://t.co/YwRYVqukQr",Neutro
@DIRECTVGOAyuda @DIRECTVServicio Cómo les envío el mensaje directo? Para éso me tendrían que seguir,Neutro
Hola,Neutro
@DIRECTVGOAyuda hola si uno se suscribe a DirectTV Go le quidan la señal satelital?,Neutro
"Ése es el número de la cuenta, está a nombre de mi cónyuge Paulina Cuevas. Plan Oro. Chile. Franciscoperaltac@gmail.com pic.twitter.com/rNQXXYkAjJ",Neutro
Gracias. Esperaré su respuesta,Neutro
La chapa jajajajaja saludos mi pana,Neutro
Como quedó el partido América santa fe gracias,Neutro
Miguel Angel Sepulveda Reyes asi es,Neutro
Manuel Parra Mesa 1-0 ganó Santa Fe,Neutro
Gracias,Neutro
@ajmanriquee si. Al parecer no es tan nuevo ...,Neutro
@natuneherrera pero ingresas a la app desde tu smart tv y te presenta falla cuando quieres ver algo?,Neutro
Jajajajajajaja pensé que era la única,Neutro
Uno cero ganó santafe,Neutro
Manuel Parra Mesa 1x0 ganó santa fe pero jugaron bn los 2 equipos,Neutro
Muchas gracias,Neutro
"@DIRECTVGO Fantasía, compré una antena prepago,nunca funcionó 😂😎",Negativo
@DIRECTVGOAyuda @jasontoro2010 Yo tengo HBO HD en mi plan y puedo verlo y trngo cdf y fox Sports premium HD en mi plan oro HD y no puedo verlos así que tuve que bajar la app de fox Sports para poder verlos y esa no es lz gracia,Negativo
Tengo todos mis primiun en DirecTV go menos el CDF premium cuando lo liberan,Negativo
"Tengo todos los premium en directv, cuando liberan los fox sports y cdf?🤔",Negativo
"Ya me he comunicado varias veces y aun no resuelven el problema, siempre decian que debia esperar 72 horas",Negativo
Estimado estoy usando directv go y quiero ver cdf Premium pero me dice. No tienes acceso para ver fcanal de fútbol Premium en HD (dtvla) puedes administrar tu suscripción en midirectv,Negativo
Estimado estoy usando directv go y quiero ver cdf Premium pero me dice. No tienes acceso para ver fcanal de fútbol Premium en HD (dtvla) puedes administrar tu suscripción en midirectv,Negativo
Mi consulta es como puedo ver cdf Premium atraves de la app,Negativo
"@DIRECTVGOAyuda hola, tengo en mi plan de Directv, CDF HD y FoxSports, pero en Directv Go no lo puedo ver. Me sale esto. https://t.co/5gdCHPkIgV",Negativo
"Antes era suficiente pagar la TV por cable o satélite, ahora toca pagar adicional para acceder al contenido ""premium"" que antes estaba incluído... Después se inventarán el premium del premium... 😠",Negativo
@DIRECTVGOAyuda @DIRECTVGO @Carolindays Porque no se puede ver el cdf??????,Negativo
"@DIRECTVGOAyuda Que tiene que ver @CDF_cl y @FOXSports_Chile? Los tengo y los puedo ver por @DIRECTVGO, lo que planteo es que el Mundial de Hanball es un evento exclusivo de @DIRECTVChile y no lo puedo ver en la plataforma online que tengo contratada, entiendo que por TV lo emiten en el 1614",Negativo
"@DIRECTVGOAyuda hola ,tengo cuenta oro en servicio tv pero al ingresar a la app no puedo ver cdf premium y los fox sports, ya que en tv si los tengo contratados",Negativo
@DIRECTVGOAyuda Siguen los problemas....aún sin sonido la mayoría de los canales. Revise el ancho de banda y todo está ok,Negativo
"@DIRECTVServicio Porqué aún no puedo ver HBO HD ni Fox Sports HD en mi cuenta de DIRECTV GO??
 No se supone que esos canales son del plan Oro HD??",Negativo
"@DIRECTVCo Hola, está sin sonido el partido Manchester vs Liverpool",Negativo
@DIRECTVSports @giraltpablo @JPVarsky No hay sonido x.directv go,Negativo
"@DIRECTVGOAyuda Hola, desde Colombia, tienen falla gnal en la app con el sonido? Ningún canal tiene audio",Negativo
"Buenas noches. Estoy presentando problemas con los canales de la app, ya que estos no me reproducen con sonido el contenido.",Negativo
@DIRECTVGOAyuda tengo plan oro HD y cdf premium y HD contratado pero en la app directv go sigue apareciendo este mensaje al abrir el cdfp pic.twitter.com/Pc2AuyTr4E,Negativo
"Samsung Smart TV, una serie. Lo que sucede es que normalmente todo el contenido de televisión lo escucho en el idioma original.",Negativo
"@DIRECTVServicio Porqué aún no puedo ver HBO HD ni Fox Sports HD en mi cuenta de DIRECTV GO??
 No se supone que esos canales son del plan Oro HD??",Negativo
"Qué cobertura no hay ni señan , están con el 771 y acá no hay ni mal tiempo.",Negativo
"@DIRECTVChile buenas noches, me pueden informar porque en DIRECTVGO no puedo ver los canales de fox si tengo el paquete de fox?",Negativo
"@DIRECTVGOAyuda hola necesito ayuda, no puedo ver fox por la aplicación siendo que tengo contratado el servicio",Negativo
"@DIRECTVGOAyuda Hola tengo un problema con Directv Go, tengo contratado fox sports y CDF Premium pero no los puedo ver online. Solo puedo ver el paquete de Fox Premium de peliculas. Ademas el canal TYC por que no esta online?. Gracias.",Negativo
@DIRECTVGOAyuda Pero los Fox Sports tampoco los puedo ver online,Negativo
"@DIRECTVGOAyuda @DIRECTVGO Hola!, no puedo ver fox en la aplicación directv go y tengo los planes premium",Negativo
"Buen día señores DirecTV. Estoy probando su nueva plataforma DirecTV GO. Me parece una buena y mejorable plataforma, pero tengo un problema, y es que al tratar de acceder al contenido on Demand que promocionan, este me envía un mensaje (No tienes acceso para ver... Puedes administrar tu suscripción en directvgo.com) al hacer click en ""ver ahora"" y no me permite continuar con el proceso. ¿Qué ocurre?",Negativo
"@DIRECTVServicio @DIRECTVChile @DIRECTVGOAyuda 
 Estimados instalé servicio de #DirectvGo veo los canales pero no tengo sonido...",Negativo
"@DIRECTVServicio @DIRECTVChile @DIRECTVGOAyuda 
 Estimados instalé servicio de #DirectvGo veo los canales pero no tengo sonido...",Negativo
"@DIRECTVServicio @DIRECTVChile @DIRECTVGOAyuda 
 Estimados instalé servicio de #DirectvGo veo los canales pero no tengo sonido...",Negativo
@DIRECTVGOAyuda estimados tengo servicio habilitado pero en la mayoría de los canales tengo sólo señal y no tengo audio,Negativo
"Buenas,desde hace unos días a la mayoría de canales les falla el sonido(no sé oye nada) en mi smart TV Samsung, solución por favor. Puros dramas está app",Negativo
"@DIRECTVGOAyuda estimados, hace dos días no escucho la mayoría de los canales en el smartv...que puedo hacer? #DirectvGo",Negativo
"@DIRECTVGOAyuda estimados, hace dos días no escucho la mayoría de los canales en el smartv...que puedo hacer? #DirectvGo",Negativo
"@DIRECTVGOAyuda Estimados las respuestas entregadas no fueron las que esperaba, ya que no saben qué problemas tiene y el problema es netamente de la app",Negativo
@DIRECTVGOAyuda hola. Me aparece error 1101 en todo el contenido. He reiniciado el teléfono y no pasa nada. Que puede ocurrir?,Negativo
"@DIRECTVGOAyuda probando su plataforma, no puedo acceder al contenido on demand. Dice que necesito administrar mi suscripción.
 Porqué ocurre esto?",Negativo
"Estimados, buenas tardes. Contraté esta modalidad por medio de mi TV Samsung. No obstante, el servicio está funcionando con problemas, ya que la gran mayoría de los canales funcionan sin audio.",Negativo
Cada rato me pide la clave para ingresar,Negativo
@DIRECTVGOAyuda no reconoce mi cuenta dtv,Negativo
@DIRECTVGOAyuda Pero ya lo intenté con el asistente virtual y no tuve solución. Me estás derivando a los mismos pasos que ya hice,Negativo
"Buen noche. Tengo problemas con la aplicación ya que no genera sonido, practicamente todo lo que veo no se escucha.",Negativo
"No, no me aparece ninguna opción en ningún canal para realizar el cambio de audio.",Negativo
Buenas noches... tengo la aplicación Directvgo y a cada rato me saca de la sesión y me dice error 104 me pueden ayudar a solucionar gracias,Negativo
Mala la app yo la tengo y no se ven los canales otros están sin audio,Negativo
@DIRECTVGOAyuda Creo que no se entendió no puedo acceder a la app de directvgo con midirectv,Negativo
"A través del chat un ejecutivo me indicó que tenían problemas con la app, pero que sería arreglado pronto, pero nada ha cambiado",Negativo
"Me dijo que podría ver series go y películas go, pero tampoco las puedo ver",Negativo
@DIRECTVGO A mi no me funciona. Sale error de conexión cada vez que intento hacerlo.,Negativo
Instale la aplicación y creamos la cuenta pero no funciona,Negativo
"@DIRECTVGO No me funciona app en iPhone , no reconoce correo ni contraseña",Negativo
"@DIRECTVGO Hola, no puedo conectarme a la aplicación. Me pueden ayudar? Gracias",Negativo
@DIRECTVGOAyuda @DIRECTVGO Uso el mismo correo y contraseña que en la app DIRECTV https://t.co/DDpY83leJg,Negativo
"Me sale que no puedo ver el contenido por que n o esta activo, la cuenta esta creada, hice todo lo que dice el folleto que me dieron en la tienda, pero aun así no se puede ver",Negativo
"Hola! Tengo el beneficio por 6 meses de tres pelis gratis pot PPV en los canales análogos. Pero cuando las compro por DIRECTV Go sale el cobro pero no la peli, entonces tengo que llamar para que descarguen una y me activen desde allá para poder verla. Así que tengo cargada 2 o 3 veces the equalaizer 2 y solo la vi una vez que fue la que activé por teléfono.",Negativo
"@DIRECTVGOAyuda cómo se soluciona este error? No me deja reproducir el capítulo completo de la serie, #1101 #error1101 pic.twitter.com/sb5zlkS1BK",Negativo
"@DIRECTVGO Hola, una consulta. He tratado de ingresar a ver las temporadas de game of thrones pero no me lo permiten. Me dice que para Colombia no puedo ingresar, Yo tengo plan de pago mensual. Con quien me puedo comunicar para recibir ayuda por favor ?",Negativo
Tengo muchos problemas con la app de mi Smart TV,Negativo
La trasmisión se cae muy amenudo,Negativo
@DIRECTVGOAyuda Ingreso y eso me sale con cualquier Serie película o partido https://t.co/tFvloXypQi,Negativo
"Los contacto ya que he contratado el servicio en línea por medio de mi TV SAmsung, y resulta que casi todos los canales funcionan sin audio.",Negativo
"@DIRECTVGO Estaba probando el servicio en un SmartTV de Samsung pero a los 10 minutos se queda congelada la imagen y cómo que bloquea el TV, solo me queda apagarlo y encenderlo nuevamente. Sería bueno que corrigieran ese bug!",Negativo
"@DIRECTVGOAyuda hola, algunos canales como FoodNetwork tienen desincronización entre el audio y el video, hace unos días me paso con Discovery Turbo",Negativo
"@DIRECTVGOAyuda @DIRECTVGO La imagen se congela, mientras sigue el audio. O los canales no cargan. Sumado a que la interfaz en general es algo lenta.",Negativo
Señores Directv go por qué las peliculas no tienen traducción en idioma español?,Negativo
Señores Directv go por qué las peliculas no tienen traducción en idioma español?,Negativo
"DIRECTVGOServicio disponibilidad de subtitulos no, disponibilidad de idioma en español",Negativo
@DIRECTVGOAyuda @DIRECTVGO se me pega la imagen pero se sigue escuchando. Qué onda? Cuando será perfecta su app?,Negativo
@DIRECTVGOAyuda @DIRECTVGO qué onda? Se pega la imagen y solo se escucha. Cuando tendrán una app perfecta!? https://t.co/pUmP6b3whP,Negativo
Y seguimos sobreviviendo este primer día del año a pura fruta congelada en todas sus formas y maratón de series...conocen directvgo??? es lo máximo! es tv por cable pero sin cables asi… instagram.com/p/BsGpnO4nzY-/…,Positivo
"#ContrataDIRECTV
 
 ¡OFERTA IMPACTO! Contrata tu Plan ORO HD con PAT a sólo $20980 con Instalación GRATIS+2 Decos FHD+DIRECTV Sports y llévate 4 PPV de Regalo+DIRECTV GO! 👏👏
 
 Llévate 1 Mes GRATIS de Fox SPORTS Premium HD+Pack HBO Max HD+Fox PREMIUM HD y Hot Pack. 💪",Positivo
"Hola, compre un televisor Samsung y venia con un mes gratis de directvgo pero no puedo ver nada",Negativo
E intentado meterme ala promoción de 7 días gratis y no m deja pide código de promocion,Negativo
Le ofrecen un plan con tarifas fijas a uno.y luego.le aumentan.las cuotas.sin.darle.ninguna explicación a nadie...,Negativo
"Gratis ???? Afiliandote a un año y pagando un contrato premiun , direc tv que descarados son !!!!!",Negativo
Falsa publicidad.,Negativo
"Ustedes son lo peor, ladrones, mentirosos.",Negativo
Uyyy que rabia descargue recien la aplcacion!!!,Negativo
ES UNA FALSA COMO DICEN 7 DIAS GRATIS PERO HAY QUE REGISTRARSE Y DAR EL NUMERO DE LA TARJETA DE CRÉDITO,Negativo
Actualicen esa app,Negativo
"@DIRECTVGO un suplicio intentar ver DirectvGo. Ninguna solución, cerca de media hora esperando en línea por atención @DIRECTVChile @DIRECTVLA pic.twitter.com/DbOfVnD9hx",Negativo
"#DirectvGo 
 Just bad service. 
 Transferred 5 times on a call.
 Everyone passes the call to someone else. 
 1 hr 40 mins
 Nothing resolved",Negativo
@DIRECTVGO Terrible el servicio uno recarga y no le colocan lo q uno pago llama y el servicio en posventa no dan una solución oportuna Uds eran la mejor compañía de tv y ahora Internet q pasó decepcionando......,Negativo
"@DIRECTVGO un suplicio intentar ver DirectvGo. Ninguna solución, cerca de media hora esperando en línea por atención @DIRECTVChile @DIRECTVLA pic.twitter.com/DbOfVnD9hx",Negativo
@DIRECTVGO hace rato que no puedo usar el servicio. Aparecen la imagen congelada en todos los canales en vivo. Ojalá me puedan ayudar pic.twitter.com/cEmJtZZcCi,Negativo
"Compre un smart tv samsung y se supone que viene un mes gratis de esta basura de directv go,Nunca me activaron el servicio y mande todos los datos que solicitaron 😡",Negativo
@DIRECTVCo vuelve y juega nunca funciona DirectvGo. @DIRECTVServicio https://t.co/vO3gOCUQXa,Negativo
Da mucho que desear la línea de atención al cliente 🤔... Lástima,Negativo
"@DIRECTVGO Es app es súper lenta, nunca he podido reproducir nada, ni pegada de una buena wifi",Negativo
No he podido ver nada en todos los días que llevo con la suscripción,Negativo
Espero que puedan darme una solución. De lo contrario el día 9 cancelo la suscripción.,Negativo
Jym Diaz Ramirez muy sierro lo q dises ami me esta pasando y igual es horrible y no se q aser para retirar me por q la verdad es q cadabes q llamo para qmerretiren me salen con un chorro de babas,Negativo
"Kelly Diaz ps estas de buenas x q t contestan, a mi ni eso, ya no c q más hacer!!!! Es la peor compra d mi vida!!!! Apenas se cumpla el año hasta nunca, eso es una porquería!!",Negativo
@DIRECTVGOAyuda @DIRECTVServicio ese chat es solo de directvgo. sigo con el mismo problema,Negativo
Muy mala atención al usuario,Negativo
Son lo peor qué hay no brindan una asistencia de servicio al cliente telefónicamente,Negativo
"Andres, yo estuve con Directv 8 años y los primeros 3 años excelente... El resto un martirio del que todavía no he salido,.. Espera que tengas que hacer un reclamo y verás.",Negativo
Que lancen mejores promociones para incentivar al usuario mejores canales mejores planes para prepago,Negativo
La empresa son unos ladrones y sinvergüenza,Negativo
Directv con.plan.en.el.momento de uno quererce retirar son.unas ratas del resto es.muy bueno,Negativo
"@DIRECTVGO no me interesa nada de uds, son unos SINVERGUENZAS",Negativo
Estoy seguro que las llamadas a @DIRECTVGOAyuda para adquirir un paquete de televisión no las cuelgan groseramente como lo hacen con las de reclamacion.,Negativo
Más de una hora tratando de exponer una queja en @DIRECTVGOAyuda y pasan de asesor en asesor a exponer mismo caso.,Negativo
@DIRECTVGOAyuda @DIRECTVServicio muy mal que le cuelguen a uno las llamadas para cancelar el servicio.,Negativo
@PotyMia @DIRECTVGOAyuda @DIRECTVServicio Es que el cambio de menú en el call center está diseñado para que uno se canse de llamar y así no logre deshacerse del internet malo ese. @DIRECTVServicio,Negativo
@DIRECTVGOAyuda No me sirvió de nada la ayuda pregunto por algo y me salen con otra cosa,Negativo
"Drtv son los mas sinverguenzas que hay y tienes que tener suerte para que te den la baja si quieres renunciar, casi 6 meses peleando por telefono para que me desconecten",Negativo
"@DIRECTVGO 80 mil pesos el mes, ni Netflix, Amazon prime video y YouTube premium juntos vale todo eso mensualmente.",Negativo
"Yo tengo direc tv pero sus servicios son muy exagerados..""sólo Netflix """,Negativo
"Mucachos, porque tan caro ??? 10.000 pesos chilenos es mas suficiente para cubrir todos los costos de implementación del servicio, cobran casi lo mismo q pedir DIRECTV oro, aparte tienen q venir a la casa e instalar la antena y mantenerla. Son sinverguenzas y no me vengan con excusas q esto sale aqui y en otros paises como peru o argentina, he estado afuera de sudamerica y se cuan barato es el servicio de TV cable, si quieren un cliente fiel dejen de robar injustificadamente. Sean concientes de la realidad de Chileno !!!",Negativo
Muy caro,Negativo
Para ser tv por Internet caro el servicio,Negativo
@DIRECTVGO Valen callampa...dicen que la instalación es gratis pero cobran 40 lucas por ir a poner el deco y encima cobran 40 lucas más por por ir a mover la antena si se descalibra por algún viento fuerte.,Negativo
Yo tengo plan y que para escribirme en DirecTV Go tengo que pagar mensual por aparte no DirecTV así no es al menos a los clientes debería ser gratis la app,Negativo
@DIRECTVGO Si contrato HBO GO @hbogo me cuesta $7000 y veo cada capítulo de Game Of Thrones cuando quiero. Ud cuestan el doble https://t.co/HiWkuYiHtT,Negativo
@DIRECTVGO Si contrato HBO GO @hbogo me cuesta $7000 y veo cada capítulo de Game Of Thrones cuando quiero. Ud cuestan el doble https://t.co/HiWkuYiHtT,Negativo
MUY CAROOOOOOOO,Negativo
"@DIRECTVGO Consulta , por esa aplicación hay que pagar ?",Negativo
Dirictv lo mas malo y peor que ay y mas caro la wea jajajajaja,Negativo
Es caro y te piden cualquier requisitos,Negativo
Puro cuento tengo oro HD y igual para usar el servicio cobran un pan de 14.000,Negativo
"@DIRECTVGOAyuda @DIRECTVServicio Gracias, ya me explicaron que así tenga plan oro debo pagar más para poder ver películas por @DIRECTVGO que mal, deberían ofrecer servicios reales no con trampa.",Negativo
Son ultra de sinvergüenzas...tienen a 39.990 la instalación ..se pasan de barsas,Negativo
Muy caro eso yo les ofresco en TV smartv pc tablet celular más de 3000canales películas viene con HBO win sport DirecTV y mas a 10mil mensuales,Negativo
Directv es buena la imagen pero abusan de los cobros ya los otros operadores ya están extendiendo sus redes a los pueblos para que se acabe el abuso de este operador de televisión. Sólo es cuestión de esperar mientras toca TDT,Negativo
Tiene muy mala señal.hace 20 días.mala mala,Negativo
"@DIRECTVGOAyuda hola, quisiera saber por qué se publicitan varias series que cuando uno las pincha para verlas en la app, dicen ""Ups, lo sentimos. No hay episodios disponibles para esta temporada"". Esto pasa con varias series que al abrir la app se publicitan como disponibles. https://t.co/Tx0aEGKzmZ",Negativo
Hola @DIRECTVServicio @DIRECTVCo tengo un problema con directvgo y la plataforma de internet en general,Negativo
"Estoy en el periodo de prueba, pero no me permite ver nada, salvo una serie llamada Isabel y la tv en vivo",Negativo
@DIRECTVGO De que sirve esto si solo está disponible para chile y colombia nada más 🙄🙄🙄🙄😒😒😒😒,Negativo
@DIRECTVGO Tiene canales q no ve ni dios y ese si q esta de ocioso hace rato,Negativo
"@DIRECTVGOAyuda @DIRECTVGO por qué no tengo subtítulos en las transmisiones en vivo? Soy cliente oro y por ende puedo tener la app de directv go, pero no quiero ver todo en español. Quiero verlas en su idioma original pero con subtítulos, cosa que no sale. Ojalá lo arreglen!!!",Negativo
"Amiwis @FOXPremiumLat tienen un contenido excelente. 
  
  Ahora hay que mejorar las app. Las series se cuelgan en imagen o sonido, pasa en el AppleTv y en la apps para iOS.
  
  No es problema del Internet xq utilizo sin ningun problema Netflix, Prime Video, HBO y hasta DirectvGo.
  
  😘",Negativo
Felipe Mendez Salazar pero esta wea de directv es para un solo dispositivo que es pior.,Negativo
Es buena la App lo único malo es k hay k ingresar el email cada ves k uno kiera ingresar,Negativo
Muy malo,Negativo
en Directv Go pero al elegir alguna película para ver me dice que no esta disponible,Negativo
@DIRECTVGOAyuda por que no puedo ver HBO? https://t.co/ohKCo6pRrz,Negativo
@DIRECTVGOAyuda No funciona,Negativo
"PÉSIMO DIRECTV, LA EXPERIENCIA DE 7 DÍAS GRATIS NO ME DEJA ACCEDER A NADA!!! CON ESE MÉTODO DE PRUEBA NO ME SUMO!",Negativo
"PÉSIMO DIRECTV, LA EXPERIENCIA DE 7 DÍAS GRATIS NO ME DEJA ACCEDER A NADA!!! CON ESE MÉTODO DE PRUEBA NO ME SUMO!",Negativo
"PÉSIMO DIRECTV, LA EXPERIENCIA DE 7 DÍAS GRATIS NO ME DEJA ACCEDER A NADA!!! CON ESE MÉTODO DE PRUEBA NO ME SUMO!",Negativo
"PÉSIMO DIRECTV, LA EXPERIENCIA DE 7 DÍAS GRATIS NO ME DEJA ACCEDER A NADA!!! CON ESE MÉTODO DE PRUEBA NO ME SUMO!",Negativo
"PÉSIMO DIRECTV, LA EXPERIENCIA DE 7 DÍAS GRATIS NO ME DEJA ACCEDER A NADA!!! CON ESE MÉTODO DE PRUEBA NO ME SUMO!",Negativo
"PÉSIMO DIRECTV, LA EXPERIENCIA DE 7 DÍAS GRATIS NO ME DEJA ACCEDER A NADA!!! CON ESE MÉTODO DE PRUEBA NO ME SUMO!",Negativo
"PÉSIMO DIRECTV, LA EXPERIENCIA DE 7 DÍAS GRATIS NO ME DEJA ACCEDER A NADA!!! CON ESE MÉTODO DE PRUEBA NO ME SUMO!",Negativo
"PÉSIMO DIRECTV, LA EXPERIENCIA DE 7 DÍAS GRATIS NO ME DEJA ACCEDER A NADA!!! CON ESE MÉTODO DE PRUEBA NO ME SUMO!",Negativo
"PÉSIMO DIRECTV, LA EXPERIENCIA DE 7 DÍAS GRATIS NO ME DEJA ACCEDER A NADA!!! CON ESE MÉTODO DE PRUEBA NO ME SUMO!",Negativo
"PÉSIMO DIRECTV, LA EXPERIENCIA DE 7 DÍAS GRATIS NO ME DEJA ACCEDER A NADA!!! CON ESE MÉTODO DE PRUEBA NO ME SUMO!",Negativo
Los verdes en Bogotá lo único q hacen es salir a correr jajajaja disq locales,Negativo
"@DIRECTVGOAyuda #ayuda hola buenas tardes, tengo problemas para el inicio de sesión en un Note 9... en todos los dispositivos no he tenido ningún problema, qué puedo hacer?",Negativo
No le recomiendo el Internet se cae mucho es muy inestable,Negativo
Por qué la programación de películas no tiene traducción en español,Negativo
@DIRECTVGOAyuda @DIRECTVGO @rjperez123 Ojo aparece el canal la red en la grilla y al entrar a la app no está disponible https://t.co/aErq880QNb,Negativo
"Estimados recién hoy creé una cuenta de directvgo. Al respecto solo puedo acceder a una cantidad muy limitada de contenido on demand. Cuando contarte el servicio, en la página de bienvenida aparecían una cantidad importante de películas y series. Películas tales como El Planeta de los Simios es mostrada en esa pantalla de buenvenida...sim embargo no se puede acceder a ella. Pensé que al menos al catalogo de Películas go o series go, pero a ninguna de la dos. Quiera saber como puedo acceder a ellos. Saludos cordiales",Negativo
"Estimados recién hoy creé una cuenta de directvgo. Al respecto solo puedo acceder a una cantidad muy limitada de contenido on demand. Cuando contarte el servicio, en la página de bienvenida aparecían una cantidad importante de películas y series. Películas tales como El Planeta de los Simios es mostrada en esa pantalla de buenvenida...sim embargo no se puede acceder a ella. Pensé que al menos al catalogo de Películas go o series go, pero a ninguna de la dos. Quiera saber como puedo acceder a ellos. Saludos cordiales",Negativo
Lo único que me aparece sin restricciones on demand son algunas series,Negativo
"Inscribí HBO a mi cuenta y tampoco tengo acceso a su contenido, qué pasa?",Negativo
Acá esperando que funcione,Negativo
"Buenas tardes, quisiera saber porque no puedo ver canal caracol en Directv go",Negativo
El servicio de Internet es pésimo se cae a cada rato no ay estabilidad,Negativo
@DIRECTVGOAyuda No me está dando ingreso a Game Of Thrones y yo lo tengo incluido en mi plan ! Que hago ?,Negativo
"@DIRECTVGOAyuda Me sale 0 episodios, y ayer mismo estaba viendo la serie ! No me deja desde ningún dispositivo pic.twitter.com/XScxgLoE5g",Negativo
Pésimo servicio de internet,Negativo
"JUEPUTAAAA, quitaron de @DIRECTVGO @DIRECTVGOAyuda a @GameOfThrones 😭😭😭",Negativo
"@SamsungCO oigan señores de verdad que tristeza con Uds tengo un smart tv de 50"" comprado el año pasado y entra uno a descargar directv go y no está disponible y ki que hablar de HBO go no tienen nada que ofrecerle a sus usuarios sólo youtube y netflix sean serios",Negativo
@DIRECTVGOAyuda @GameOfThrones No dicen nada tampoco...,Negativo
Mentirosos los de directo go igual te cobran,Negativo
Sería de gran utilidad por qué ahora me veo en la obligación de dar de baja a la suscripción por qué no tiene sentido si no puedo verla en la tv,Negativo
No funciona,Negativo
@DIRECTVGO Hola por que no puedo cambiar de idioma los capítulos de got? Desde hbo go si me permite cambiar idioma.,Negativo
@DIRECTVGOAyuda por qué motivo quitaron la opción del audio en inglés de los canales @HBOLAT y @FOXPremiumLat? Quedo atento a su respuesta.,
"@DIRECTVGOAyuda Por qué motivo quiraron la opción del idioma inglés en los canales @HBOLAT y @FOXPremiumLat? Quedo atento a su respuesta, saludos!",
"El tema es que ni esas pelis puedo ver, me salen como restringidas.",Negativo
Quienes habrán sido los retrasados mentales que hicieron esta clase de mercadotecnia pero si no los despiden como compañía uds son más imbéciles que ellos.....,Negativo
"Alguien me puede decir como bloquear esta publicidad , veo la cara de estúpidos de cada uno y me da urticaria",Negativo
"Los que mas se esmeran por publicitar de forma insistente, tenaz y molesta, son los peores servicios. Aquellos que no lo hacen, entregan servicios de mejor calidad!..",Negativo
"Noooo, el único pecado es idolatrarlos, ponerlos antes que a Dios. Gravísimo!",Negativo
Horrible el eslogan de su publicidad mal DirecTV,Negativo
Y cuanto por la muchacha de la publicidad ? :v se ve ricarda,Negativo
Bieeen aweona esta publicidad. Lo peor es q hay quienes se compran el cuento.,Negativo
Publicado engañosa ... Solo aplican el descuento si usted amarra el pago a un tarjeta crédito por 12 meses ... Una vergüenza ... Pícaros!!,Negativo
las mujers son soberbias wn .,Negativo
Quien fue el publicista penka ???? Menos mal que la mamá no tuvo gemelos,Negativo
Innecesariamente tóxico el mensaje del comercial,Negativo
"#EsteAñoMeDejó
 
 - Los mejores estrenos 🍿
 - Maratones inolvidables 🏁
 - Partidos impresionantes 😱
 - La emoción de goles épicos ⚽
 - Ganas de ver nuevas temporadas 🔥
 
 Pero lo mejor de este año es que llegó #DIRECTVGO",Positivo
"#EsteAñoMeDejó
 
 - Los mejores estrenos 🍿
 - Maratones inolvidables 🏁
 - Partidos impresionantes 😱
 - La emoción de goles épicos ⚽
 - Ganas de ver nuevas temporadas 🔥
 
 Pero lo mejor de este año es que llegó #DIRECTVGO",Positivo
"#EsteAñoMeDejó
 
 - Los mejores estrenos 🍿
 - Maratones inolvidables 🏁
 - Partidos impresionantes 😱
 - La emoción de goles épicos ⚽
 - Ganas de ver nuevas temporadas 🔥
 
 Pero lo mejor de este año es que llegó #DIRECTVGO",Positivo
"#EsteAñoMeDejó
 
 - Los mejores estrenos 🍿
 - Maratones inolvidables 🏁
 - Partidos impresionantes 😱
 - La emoción de goles épicos ⚽
 - Ganas de ver nuevas temporadas 🔥
 
 Pero lo mejor de este año es que llegó #DIRECTVGO",Positivo
"#EsteAñoMeDejó
 
 - Los mejores estrenos 🍿
 - Maratones inolvidables 🏁
 - Partidos impresionantes 😱
 - La emoción de goles épicos ⚽
 - Ganas de ver nuevas temporadas 🔥
 
 Pero lo mejor de este año es que llegó #DIRECTVGO",Positivo
"#EsteAñoMeDejó
 
 - Los mejores estrenos 🍿
 - Maratones inolvidables 🏁
 - Partidos impresionantes 😱
 - La emoción de goles épicos ⚽
 - Ganas de ver nuevas temporadas 🔥
 
 Pero lo mejor de este año es que llegó #DIRECTVGO",Positivo
"#EsteAñoMeDejó
 
 - Los mejores estrenos 🍿
 - Maratones inolvidables 🏁
 - Partidos impresionantes 😱
 - La emoción de goles épicos ⚽
 - Ganas de ver nuevas temporadas 🔥
 
 Pero lo mejor de este año es que llegó #DIRECTVGO",Positivo
"#EsteAñoMeDejó
 
 - Los mejores estrenos 🍿
 - Maratones inolvidables 🏁
 - Partidos impresionantes 😱
 - La emoción de goles épicos ⚽
 - Ganas de ver nuevas temporadas 🔥
 
 Pero lo mejor de este año es que llegó #DIRECTVGO",Positivo
"Envidia es lo que todos sentirán cuando disfrutes de tu NUEVO DIRECTV GO sin que nada te lo impida. 
 Descubre más.",Positivo
"Envidia es lo que todos sentirán cuando disfrutes de tu NUEVO DIRECTV GO sin que nada te lo impida. 
 Descubre más.",Positivo
"📍Yo
  |
  |
  | _ _ _ _ _ _ _ _ _ _ _ _ _ _
  I
 📍Pendientes I
  _ _ _ _ _ _ _ _ _ _ _ _ _ _ I
  |
  |
  |
 📍#DIRECTVGO
 
 Tomar un atajo para ver tu serie favorita puede ser el mejor camino 😎",Positivo
Envidia es lo que sentirán todos cuando vivas las Ligas Europeas en exclusiva con tu NUEVO DIRECTV GO. Descubre más.,Positivo
"#EsteAñoMeDejó
 
 - Los mejores estrenos 🍿
 - Maratones inolvidables 🏁
 - Partidos impresionantes 😱
 - La emoción de goles épicos ⚽
 - Ganas de ver nuevas temporadas 🔥
 
 Pero lo mejor de este año es que llegó #DIRECTVGO",Positivo
"📍Yo
  |
  |
  | _ _ _ _ _ _ _ _ _ _ _ _ _ _
  I
 📍Pendientes I
  _ _ _ _ _ _ _ _ _ _ _ _ _ _ I
  |
  |
  |
 📍#DIRECTVGO
 
 Tomar un atajo para ver tu serie favorita puede ser el mejor camino 😎",Positivo
"¿No tienes dónde ver el 🔥 partidazo 🔥 entre Liverpool y Manchester City ?
 
 Con #DIRECTVGO puedes disfrutarlo en cualquier parte, sin perderte ningún detalle: ¿Quién ganará?",Positivo
"Aprovecha Hoy el Plan ORO: Desde 81.900 - Más de 200 Canales Disponibles - DIRECTV Play, DIRECTV Sports App, DIRECTV Go y Canales Premium.
 
 ¡Llama ya al 3182446066 ☎️☎️☎️ pic.twitter.com/5th7ottJFL",Neutro
"@bynpetite A Hermione le gusta esto 
 Una maratón de Harry Potter nunca caerá mal y si usas #DIRECTVGO mucho mejor. https://t.co/30znQUzBqz",Positivo
Soberbia es sentirte superior con la TV que va contigo. Vive todo el entretenimiento sin spoilers.,Positivo
"#EsteAñoMeDejó
 
 - Los mejores estrenos 🍿
 - Maratones inolvidables 🏁
 - Partidos impresionantes 😱
 - La emoción de goles épicos ⚽
 - Ganas de ver nuevas temporadas 🔥
 
 Pero lo mejor de este año es que llegó #DIRECTVGO",Positivo
"#EsteAñoMeDejó
 
 - Los mejores estrenos 🍿
 - Maratones inolvidables 🏁
 - Partidos impresionantes 😱
 - La emoción de goles épicos ⚽
 - Ganas de ver nuevas temporadas 🔥
 
 Pero lo mejor de este año es que llegó #DIRECTVGO",Positivo
Con #DIRECTVGO podrás revivir todos los episodios de GAME OF THRONES que desees y sentir la pasión con cada estreno. https://t.co/SoyTf9dWd8,Neutro
"Ahora puedes disfrutar toda la nueva temporada de Versailles en @OnDIRECTV llena de historia, drama y traiciones. Disfrútala en donde estés y en todos tus dispositivos con #DIRECTVGO https://t.co/9TZvCiDzzD",Neutro
"2♥19
 2🎫19
 2🏆19
 2⚽19
 2🎬19
 2🐉19
 2🍿19
 2📱19
 2💻19
 2🖥19
 
 ¡RT PARA QUE NUNCA TE FALTE LO MÁS IMPORTANTE ESTE AÑO NUEVO! #DIRECTVGO",Positivo
"En mis propósitos de este año está terminar todas las temporadas de Aventuras en Pañales por @DIRECTVGO 
 Pecados culposos. 😬😏 https://t.co/tMKaKCRoN0",Positivo
"#CopaDelRey 🇪🇸🏆⚽ / 8º de Final - Ida
 Real Madrid (@realmadrid) 🆚 Leganés (@CDLeganes)
 🎤Relatos: @haasenico
 🎙Comentarios: @fpetrocelli
 🤳#CopaDelReyEnDIRECTV / #RealMadridLeganés
 📺🌎 DIRECTV Sports (❌🇧🇴🇵🇾)
 📱💻 DIRECTV Play y DIRECTV Go
 Den 🔃 y/o 💟 https://t.co/z8D8zqr8mq",Positivo
"#CopaDelRey 🇪🇸🏆⚽ / 8º de Final - Ida
 Villarreal (@VillarrealCF) 🆚 Espanyol (@RCDEspanyol)
 🎤Relatos: @pedrobozoa
 🎙Comentarios: @rodrigojcastro
 🤳#CopaDelReyEnDIRECTV / #VillarrealEspanyol
 📺🌎 DIRECTV Sports 2 (❌🇧🇴🇵🇾)
 📱💻 DIRECTV Play y DIRECTV Go
 Den 🔃 y/o 💟 https://t.co/EPvAPqvkwT",Positivo
"#CopaDelRey 🇪🇸🏆⚽ / 8º de Final - Ida
 Girona (@GironaFC) 🆚 Atlético de Madrid (@Atleti)
 🎤Relatos: @haasenico
 🎙Comentarios: @Gustavo_che
 🤳#CopaDelReyEnDIRECTV / #GironaAtleti
 📺🌎 DIRECTV Sports (❌🇧🇴🇵🇾)
 📱💻 DIRECTV Play y DIRECTV Go
 Den 🔃 y/o 💟 https://t.co/Aw7gdk7S61",Positivo
"#EuroLeague 🇪🇺🏀 / Temporada Regular - Fecha 17
 🇬🇷 Olympiacos (@olympiacosbc) 🆚 Baskonia (@Baskonia) 🇪🇸
 🎤Relatos: @fedetoral
 🎙Comentarios: @NicoFazio
 🤳#BasquetEnDIRECTV - #EuroLigaxDIRECTV
 📺🌎 DIRECTV Sports 2 (❌🇧🇴🇵🇾)
 📱💻 DIRECTV Play y DIRECTV Go
 Den 🔃 y/o 💟 https://t.co/h0ZghJjkwj",Positivo
"2♥19
 2🎫19
 2🏆19
 2⚽19
 2🎬19
 2🐉19
 2🍿19
 2📱19
 2💻19
 2🖥19
 
 ¡RT PARA QUE NUNCA TE FALTE LO MÁS IMPORTANTE ESTE AÑO NUEVO! #DIRECTVGO",Positivo
"2♥19
 2🎫19
 2🏆19
 2⚽19
 2🎬19
 2🐉19
 2🍿19
 2📱19
 2💻19
 2🖥19
 
 ¡RT PARA QUE NUNCA TE FALTE LO MÁS IMPORTANTE ESTE AÑO NUEVO! #DIRECTVGO",Positivo
"2♥19
 2🎫19
 2🏆19
 2⚽19
 2🎬19
 2🐉19
 2🍿19
 2📱19
 2💻19
 2🖥19
 
 ¡RT PARA QUE NUNCA TE FALTE LO MÁS IMPORTANTE ESTE AÑO NUEVO! #DIRECTVGO",Positivo
"2♥19
 2🎫19
 2🏆19
 2⚽19
 2🎬19
 2🐉19
 2🍿19
 2📱19
 2💻19
 2🖥19
 
 ¡RT PARA QUE NUNCA TE FALTE LO MÁS IMPORTANTE ESTE AÑO NUEVO! #DIRECTVGO",Positivo
Contéstanos este tuit seleccionando una de las palabras de la imagen y te recomendaremos algo divertido para ver en tu #DIRECTVGO pic.twitter.com/27ZF1UMRjZ,Positivo
@patokidd ¡Mañana puedes disfrutar Levante vs Barcelona por la Copa del Rey en tu #DIRECTVGO! pic.twitter.com/pX2qROArw6,Positivo
"Acá calculando cuanto me demoro en hacer la maratón de 67 capítulos de #GOT dado que este año la serie nos dice ""Adiós"". 
 
 Si se unen al combo de la maratón tienen dos opciones: O la vemos juntos o se descargan @DIRECTVGO que ahí está completica. 😌 https://t.co/pfFhMbiHff",Positivo
"2♥19
 2🎫19
 2🏆19
 2⚽19
 2🎬19
 2🐉19
 2🍿19
 2📱19
 2💻19
 2🖥19
 
 ¡RT PARA QUE NUNCA TE FALTE LO MÁS IMPORTANTE ESTE AÑO NUEVO! #DIRECTVGO",Positivo
"#CopaDelRey 🇪🇸🏆⚽ / 8º de Final - Ida
 Athletic Bilbao (@AthleticClub) 🆚 Sevilla (@SevillaFC)
 🎤Relatos: @haasenico
 🎙Comentarios: @SebasDecker
 🤳#FútbolEnDIRECTV / #AthleticSevillaFC
 📺🌎 DIRECTV Sports (❌🇧🇴🇵🇾)
 📱💻 DIRECTV Play y DIRECTV Go
 Den 🔃 y/o 💟 https://t.co/IbAXgUjKI9",Positivo
"#CopaDelRey 🇪🇸🏆⚽ / 8º de Final - Ida
 Betis (@RealBetis) 🆚 Real Sociedad (@RealSociedad)
 🎤Relatos: @federodas
 🎙Comentarios: @CastellanosCami
 🤳#FútbolEnDIRECTV / #RealBetisRealSociedad
 📺🌎 DIRECTV Sports 2 (❌🇧🇴🇵🇾)
 📱💻 DIRECTV Play y DIRECTV Go
 Den 🔃 y/o 💟 https://t.co/APSP6hkOXu",Positivo
"#CopaDelRey 🇪🇸🏆⚽ / 8º de Final - Ida
 Levante (@LevanteUD) 🆚 FC Barcelona (@FCBarcelona_es)
 🎤Relatos: @FDVENE
 🎙Comentarios: @Gustavo_che
 🤳#FútbolEnDIRECTV / #LevanteBarça
 📺🌎 DIRECTV Sports (❌🇧🇴🇵🇾)
 📱💻 DIRECTV Play y DIRECTV Go
 Den 🔃 y/o 💟 https://t.co/bgLkK87y6d",Positivo
"Ahora puedes disfrutar toda la nueva temporada de Versailles en @OnDIRECTV llena de historia, drama y traiciones. Disfrútala en donde estés y en todos tus dispositivos con #DIRECTVGO pic.twitter.com/9TZvCiDzzD",Positivo
"2♥19
 2🎫19
 2🏆19
 2⚽19
 2🎬19
 2🐉19
 2🍿19
 2📱19
 2💻19
 2🖥19
 
 ¡RT PARA QUE NUNCA TE FALTE LO MÁS IMPORTANTE ESTE AÑO NUEVO! #DIRECTVGO",Positivo
"#CopaDelRey 🇪🇸🏆⚽ / 8º de Final - Ida
 Athletic Bilbao (@AthleticClub) 🆚 Sevilla (@SevillaFC)
 🎤Relatos: @haasenico
 🎙Comentarios: @SebasDecker
 🤳#FútbolEnDIRECTV / #AthleticSevillaFC
 📺🌎 DIRECTV Sports (❌🇧🇴🇵🇾)
 📱💻 DIRECTV Play y DIRECTV Go
 Den 🔃 y/o 💟 https://t.co/IbAXgUjKI9",Positivo
"#CopaDelRey 🇪🇸🏆⚽ / 8º de Final - Ida
 Betis (@RealBetis) 🆚 Real Sociedad (@RealSociedad)
 🎤Relatos: @federodas
 🎙Comentarios: @CastellanosCami
 🤳#FútbolEnDIRECTV / #RealBetisRealSociedad
 📺🌎 DIRECTV Sports 2 (❌🇧🇴🇵🇾)
 📱💻 DIRECTV Play y DIRECTV Go
 Den 🔃 y/o 💟 https://t.co/APSP6hkOXu",Positivo
"#CopaDelRey 🇪🇸🏆⚽ / 8º de Final - Ida
 Levante (@LevanteUD) 🆚 FC Barcelona (@FCBarcelona_es)
 🎤Relatos: @FDVENE
 🎙Comentarios: @Gustavo_che
 🤳#FútbolEnDIRECTV / #LevanteBarça
 📺🌎 DIRECTV Sports (❌🇧🇴🇵🇾)
 📱💻 DIRECTV Play y DIRECTV Go
 Den 🔃 y/o 💟 https://t.co/bgLkK87y6d",Positivo
"#CopaDelRey 🇪🇸🏆⚽ / 8º de Final - Ida
 Levante (@LevanteUD) 🆚 FC Barcelona (@FCBarcelona_es)
 🎤Relatos: @FDVENE
 🎙Comentarios: @Gustavo_che
 🤳#FútbolEnDIRECTV / #LevanteBarça
 📺🌎 DIRECTV Sports (❌🇧🇴🇵🇾)
 📱💻 DIRECTV Play y DIRECTV Go
 Den 🔃 y/o 💟 https://t.co/bgLkK87y6d",Positivo
"2♥19
 2🎫19
 2🏆19
 2⚽19
 2🎬19
 2🐉19
 2🍿19
 2📱19
 2💻19
 2🖥19
 
 ¡RT PARA QUE NUNCA TE FALTE LO MÁS IMPORTANTE ESTE AÑO NUEVO! #DIRECTVGO",Positivo
"2♥19
 2🎫19
 2🏆19
 2⚽19
 2🎬19
 2🐉19
 2🍿19
 2📱19
 2💻19
 2🖥19
 
 ¡RT PARA QUE NUNCA TE FALTE LO MÁS IMPORTANTE ESTE AÑO NUEVO! #DIRECTVGO",Positivo
"2♥19
 2🎫19
 2🏆19
 2⚽19
 2🎬19
 2🐉19
 2🍿19
 2📱19
 2💻19
 2🖥19
 
 ¡RT PARA QUE NUNCA TE FALTE LO MÁS IMPORTANTE ESTE AÑO NUEVO! #DIRECTVGO",Positivo
"#CopaDelRey 🇪🇸🏆⚽ / 8º de Final - Ida
 Levante (@LevanteUD) 🆚 FC Barcelona (@FCBarcelona_es)
 🎤Relatos: @FDVENE
 🎙Comentarios: @Gustavo_che
 🤳#FútbolEnDIRECTV / #LevanteBarça
 📺🌎 DIRECTV Sports (❌🇧🇴🇵🇾)
 📱💻 DIRECTV Play y DIRECTV Go
 Den 🔃 y/o 💟 https://t.co/bgLkK87y6d",Positivo
"2♥19
  2🎫19
  2🏆19
  2⚽19
  2🎬19
  2🐉19
  2🍿19
  2📱19
  2💻19
  2🖥19
  
  ¡RT PARA QUE NUNCA TE FALTE LO MÁS IMPORTANTE ESTE AÑO NUEVO! #DIRECTVGO",Positivo
"2♥19
  2🎫19
  2🏆19
  2⚽19
  2🎬19
  2🐉19
  2🍿19
  2📱19
  2💻19
  2🖥19
  
  ¡RT PARA QUE NUNCA TE FALTE LO MÁS IMPORTANTE ESTE AÑO NUEVO! #DIRECTVGO",Positivo
"2♥19
  2🎫19
  2🏆19
  2⚽19
  2🎬19
  2🐉19
  2🍿19
  2📱19
  2💻19
  2🖥19
  
  ¡RT PARA QUE NUNCA TE FALTE LO MÁS IMPORTANTE ESTE AÑO NUEVO! #DIRECTVGO",Positivo
Con #DIRECTVGO podrás revivir todos los episodios de GAME OF THRONES que desees y sentir la pasión con cada estreno. https://t.co/SoyTf9dWd8,Positivo
"Si quieres devorarte SUCCESSION en una noche, debes tener #DIRECTVGO. El único pecado es no tenerlo. https://t.co/juvDh4PPhM",Positivo
"2♥19
  2🎫19
  2🏆19
  2⚽19
  2🎬19
  2🐉19
  2🍿19
  2📱19
  2💻19
  2🖥19
  
  ¡RT PARA QUE NUNCA TE FALTE LO MÁS IMPORTANTE ESTE AÑO NUEVO! #DIRECTVGO",Positivo
Contéstanos este tuit seleccionando una de las palabras de la imagen y te recomendaremos algo divertido para ver en tu #DIRECTVGO https://t.co/27ZF1UMRjZ,Positivo
"2♥19
  2🎫19
  2🏆19
  2⚽19
  2🎬19
  2🐉19
  2🍿19
  2📱19
  2💻19
  2🖥19
  
  ¡RT PARA QUE NUNCA TE FALTE LO MÁS IMPORTANTE ESTE AÑO NUEVO! #DIRECTVGO",Positivo
"2♥19
  2🎫19
  2🏆19
  2⚽19
  2🎬19
  2🐉19
  2🍿19
  2📱19
  2💻19
  2🖥19
  
  ¡RT PARA QUE NUNCA TE FALTE LO MÁS IMPORTANTE ESTE AÑO NUEVO! #DIRECTVGO",Positivo
"2♥19
  2🎫19
  2🏆19
  2⚽19
  2🎬19
  2🐉19
  2🍿19
  2📱19
  2💻19
  2🖥19
  
  ¡RT PARA QUE NUNCA TE FALTE LO MÁS IMPORTANTE ESTE AÑO NUEVO! #DIRECTVGO",Positivo
"2♥19
  2🎫19
  2🏆19
  2⚽19
  2🎬19
  2🐉19
  2🍿19
  2📱19
  2💻19
  2🖥19
  
  ¡RT PARA QUE NUNCA TE FALTE LO MÁS IMPORTANTE ESTE AÑO NUEVO! #DIRECTVGO",Positivo
Alguien ya ha usado @DIRECTVGO por aqui...?? necesito una opinion...,Positivo
"2♥19
  2🎫19
  2🏆19
  2⚽19
  2🎬19
  2🐉19
  2🍿19
  2📱19
  2💻19
  2🖥19
  
  ¡RT PARA QUE NUNCA TE FALTE LO MÁS IMPORTANTE ESTE AÑO NUEVO! #DIRECTVGO",Positivo
"2♥19
  2🎫19
  2🏆19
  2⚽19
  2🎬19
  2🐉19
  2🍿19
  2📱19
  2💻19
  2🖥19
  
  ¡RT PARA QUE NUNCA TE FALTE LO MÁS IMPORTANTE ESTE AÑO NUEVO! #DIRECTVGO",Positivo
"2♥19
  2🎫19
  2🏆19
  2⚽19
  2🎬19
  2🐉19
  2🍿19
  2📱19
  2💻19
  2🖥19
  
  ¡RT PARA QUE NUNCA TE FALTE LO MÁS IMPORTANTE ESTE AÑO NUEVO! #DIRECTVGO",Positivo
"#NBA🏀 2018-19'
  #CUsRise (@Celtics) 🆚 #HEATCulture (@MiamiHEAT)
  🎤Relatos: @brunovain
  🎙Comentarios: @FranciscoBlavia
  🤳#NBAenDIRECTV / #NBATwitter
  📺🌎 DIRECTV Sports 2 (❌🇧🇴🇵🇾)
  📱💻 DIRECTV Play y DIRECTV Go
  Den 🔃 y/o 💟 https://t.co/MzlCznXsW7",Positivo
"#NBA🏀 2018-19'
  #ThunderUp (@okcthunder) 🆚 #GoSpursGo (@spurs)
  🎤Relatos: @nachogarciad
  🎙Comentarios: @FranciscoBlavia
  🤳#NBAenDIRECTV / #NBATwitter
  📺🌎 DIRECTV Sports 2 (❌🇧🇴🇵🇾)
  📱💻 DIRECTV Play y DIRECTV Go
  Den 🔃 y/o 💟 https://t.co/Sl4PFk4iBE",Positivo
"#NBA🏀 2018-19'
  #CUsRise (@Celtics) 🆚 #HEATCulture (@MiamiHEAT)
  🎤Relatos: @brunovain
  🎙Comentarios: @FranciscoBlavia
  🤳#NBAenDIRECTV / #NBATwitter
  📺🌎 DIRECTV Sports 2 (❌🇧🇴🇵🇾)
  📱💻 DIRECTV Play y DIRECTV Go
  Den 🔃 y/o 💟 https://t.co/MzlCznXsW7",Positivo
"2♥19
  2🎫19
  2🏆19
  2⚽19
  2🎬19
  2🐉19
  2🍿19
  2📱19
  2💻19
  2🖥19
  
  ¡RT PARA QUE NUNCA TE FALTE LO MÁS IMPORTANTE ESTE AÑO NUEVO! #DIRECTVGO",Positivo
"#NBA🏀 2018-19'
  #CUsRise (@Celtics) 🆚 #HEATCulture (@MiamiHEAT)
  🎤Relatos: @brunovain
  🎙Comentarios: @FranciscoBlavia
  🤳#NBAenDIRECTV / #NBATwitter
  📺🌎 DIRECTV Sports 2 (❌🇧🇴🇵🇾)
  📱💻 DIRECTV Play y DIRECTV Go
  Den 🔃 y/o 💟 https://t.co/MzlCznXsW7",Positivo
"#NBA🏀 2018-19'
  #ThunderUp (@okcthunder) 🆚 #GoSpursGo (@spurs)
  🎤Relatos: @nachogarciad
  🎙Comentarios: @FranciscoBlavia
  🤳#NBAenDIRECTV / #NBATwitter
  📺🌎 DIRECTV Sports 2 (❌🇧🇴🇵🇾)
  📱💻 DIRECTV Play y DIRECTV Go
  Den 🔃 y/o 💟 https://t.co/Sl4PFk4iBE",Positivo
"2♥19
  2🎫19
  2🏆19
  2⚽19
  2🎬19
  2🐉19
  2🍿19
  2📱19
  2💻19
  2🖥19
  
  ¡RT PARA QUE NUNCA TE FALTE LO MÁS IMPORTANTE ESTE AÑO NUEVO! #DIRECTVGO",Positivo
"2♥19
  2🎫19
  2🏆19
  2⚽19
  2🎬19
  2🐉19
  2🍿19
  2📱19
  2💻19
  2🖥19
  
  ¡RT PARA QUE NUNCA TE FALTE LO MÁS IMPORTANTE ESTE AÑO NUEVO! #DIRECTVGO",Positivo
"2♥19
  2🎫19
  2🏆19
  2⚽19
  2🎬19
  2🐉19
  2🍿19
  2📱19
  2💻19
  2🖥19
  
  ¡RT PARA QUE NUNCA TE FALTE LO MÁS IMPORTANTE ESTE AÑO NUEVO! #DIRECTVGO",Positivo
"2♥19
  2🎫19
  2🏆19
  2⚽19
  2🎬19
  2🐉19
  2🍿19
  2📱19
  2💻19
  2🖥19
  
  ¡RT PARA QUE NUNCA TE FALTE LO MÁS IMPORTANTE ESTE AÑO NUEVO! #DIRECTVGO",Positivo
"2♥19
  2🎫19
  2🏆19
  2⚽19
  2🎬19
  2🐉19
  2🍿19
  2📱19
  2💻19
  2🖥19
  
  ¡RT PARA QUE NUNCA TE FALTE LO MÁS IMPORTANTE ESTE AÑO NUEVO! #DIRECTVGO",Positivo
"2♥19
  2🎫19
  2🏆19
  2⚽19
  2🎬19
  2🐉19
  2🍿19
  2📱19
  2💻19
  2🖥19
  
  ¡RT PARA QUE NUNCA TE FALTE LO MÁS IMPORTANTE ESTE AÑO NUEVO! #DIRECTVGO",Positivo
"2♥19
  2🎫19
  2🏆19
  2⚽19
  2🎬19
  2🐉19
  2🍿19
  2📱19
  2💻19
  2🖥19
  
  ¡RT PARA QUE NUNCA TE FALTE LO MÁS IMPORTANTE ESTE AÑO NUEVO! #DIRECTVGO",Positivo
"2♥19
  2🎫19
  2🏆19
  2⚽19
  2🎬19
  2🐉19
  2🍿19
  2📱19
  2💻19
  2🖥19
  
  ¡RT PARA QUE NUNCA TE FALTE LO MÁS IMPORTANTE ESTE AÑO NUEVO! #DIRECTVGO",Positivo
"[SERIES] #TrueDetective 
  La tercera temporada de la aclamada serie creación de Nic Pizzolatto llega este domingo a la pantalla de @HBOLAT con estreno de episodio doble y acá te detallamos TODO lo que podés esperar:
  cuatrobastardos.com/2019/01/10/tru…",Positivo
"2♥19
  2🎫19
  2🏆19
  2⚽19
  2🎬19
  2🐉19
  2🍿19
  2📱19
  2💻19
  2🖥19
  
  ¡RT PARA QUE NUNCA TE FALTE LO MÁS IMPORTANTE ESTE AÑO NUEVO! #DIRECTVGO",Positivo
"2♥19
  2🎫19
  2🏆19
  2⚽19
  2🎬19
  2🐉19
  2🍿19
  2📱19
  2💻19
  2🖥19
  
  ¡RT PARA QUE NUNCA TE FALTE LO MÁS IMPORTANTE ESTE AÑO NUEVO! #DIRECTVGO",Positivo
"2♥19
  2🎫19
  2🏆19
  2⚽19
  2🎬19
  2🐉19
  2🍿19
  2📱19
  2💻19
  2🖥19
  
  ¡RT PARA QUE NUNCA TE FALTE LO MÁS IMPORTANTE ESTE AÑO NUEVO! #DIRECTVGO",Positivo
"#NBA🏀 2018-19'
  #CUsRise (@Celtics) 🆚 #HEATCulture (@MiamiHEAT)
  🎤Relatos: @brunovain
  🎙Comentarios: @FranciscoBlavia
  🤳#NBAenDIRECTV / #NBATwitter
  📺🌎 DIRECTV Sports 2 (❌🇧🇴🇵🇾)
  📱💻 DIRECTV Play y DIRECTV Go
  Den 🔃 y/o 💟 https://t.co/MzlCznXsW7",Positivo
"#NBA🏀 2018-19'
  #ThunderUp (@okcthunder) 🆚 #GoSpursGo (@spurs)
  🎤Relatos: @nachogarciad
  🎙Comentarios: @FranciscoBlavia
  🤳#NBAenDIRECTV / #NBATwitter
  📺🌎 DIRECTV Sports 2 (❌🇧🇴🇵🇾)
  📱💻 DIRECTV Play y DIRECTV Go
  Den 🔃 y/o 💟 https://t.co/Sl4PFk4iBE",Positivo
"┏┓ 
  ┃┃╱╲ 
  ┃╱ En esta casa somos 
  ╱╱╭╮╲╲
  ▔▏┗┛▕▔
  ╱▔▔▔▔▔▔▔▔▔▔╲
  Creyentes del mejor entretenimiento
  ╱▔▔▔▔▔▔▔▔▔▔╲
  ╱╱┏┳┓╭╮┏┳┓ ╲╲ 
  ▔▏┗┻┛┃┃┗┻┛▕
  
  En #DIRECTVGO tenemos las puertas abiertas para que lo disfrutes.",Positivo
"2♥19
  2🎫19
  2🏆19
  2⚽19
  2🎬19
  2🐉19
  2🍿19
  2📱19
  2💻19
  2🖥19
  
  ¡RT PARA QUE NUNCA TE FALTE LO MÁS IMPORTANTE ESTE AÑO NUEVO! #DIRECTVGO",Positivo
Con #DIRECTVGO podrás revivir todos los episodios de GAME OF THRONES que desees y sentir la pasión con cada estreno. https://t.co/SoyTf9dWd8,Positivo
"2♥19
  2🎫19
  2🏆19
  2⚽19
  2🎬19
  2🐉19
  2🍿19
  2📱19
  2💻19
  2🖥19
  
  ¡RT PARA QUE NUNCA TE FALTE LO MÁS IMPORTANTE ESTE AÑO NUEVO! #DIRECTVGO",Positivo
"2♥19
  2🎫19
  2🏆19
  2⚽19
  2🎬19
  2🐉19
  2🍿19
  2📱19
  2💻19
  2🖥19
  
  ¡RT PARA QUE NUNCA TE FALTE LO MÁS IMPORTANTE ESTE AÑO NUEVO! #DIRECTVGO",Positivo
"2♥19
  2🎫19
  2🏆19
  2⚽19
  2🎬19
  2🐉19
  2🍿19
  2📱19
  2💻19
  2🖥19
  
  ¡RT PARA QUE NUNCA TE FALTE LO MÁS IMPORTANTE ESTE AÑO NUEVO! #DIRECTVGO",Positivo
"2♥19
  2🎫19
  2🏆19
  2⚽19
  2🎬19
  2🐉19
  2🍿19
  2📱19
  2💻19
  2🖥19
  
  ¡RT PARA QUE NUNCA TE FALTE LO MÁS IMPORTANTE ESTE AÑO NUEVO! #DIRECTVGO",Positivo
Con #DIRECTVGO podrás revivir todos los episodios de GAME OF THRONES que desees y sentir la pasión con cada estreno. https://t.co/SoyTf9dWd8,Positivo
"2♥19
  2🎫19
  2🏆19
  2⚽19
  2🎬19
  2🐉19
  2🍿19
  2📱19
  2💻19
  2🖥19
  
  ¡RT PARA QUE NUNCA TE FALTE LO MÁS IMPORTANTE ESTE AÑO NUEVO! #DIRECTVGO",Positivo
"#NBA🏀 2018-19'
  #ThunderUp (@okcthunder) 🆚 #GoSpursGo (@spurs)
  🎤Relatos: @nachogarciad
  🎙Comentarios: @FranciscoBlavia
  🤳#NBAenDIRECTV / #NBATwitter
  📺🌎 DIRECTV Sports 2 (❌🇧🇴🇵🇾)
  📱💻 DIRECTV Play y DIRECTV Go
  Den 🔃 y/o 💟 https://t.co/Sl4PFk4iBE",Positivo
"#NBA🏀 2018-19'
  #CUsRise (@Celtics) 🆚 #HEATCulture (@MiamiHEAT)
  🎤Relatos: @brunovain
  🎙Comentarios: @FranciscoBlavia
  🤳#NBAenDIRECTV / #NBATwitter
  📺🌎 DIRECTV Sports 2 (❌🇧🇴🇵🇾)
  📱💻 DIRECTV Play y DIRECTV Go
  Den 🔃 y/o 💟 https://t.co/MzlCznXsW7",Positivo
"2♥19
  2🎫19
  2🏆19
  2⚽19
  2🎬19
  2🐉19
  2🍿19
  2📱19
  2💻19
  2🖥19
  
  ¡RT PARA QUE NUNCA TE FALTE LO MÁS IMPORTANTE ESTE AÑO NUEVO! #DIRECTVGO",Positivo
"2♥19
  2🎫19
  2🏆19
  2⚽19
  2🎬19
  2🐉19
  2🍿19
  2📱19
  2💻19
  2🖥19
  
  ¡RT PARA QUE NUNCA TE FALTE LO MÁS IMPORTANTE ESTE AÑO NUEVO! #DIRECTVGO",Positivo
"2♥19
  2🎫19
  2🏆19
  2⚽19
  2🎬19
  2🐉19
  2🍿19
  2📱19
  2💻19
  2🖥19
  
  ¡RT PARA QUE NUNCA TE FALTE LO MÁS IMPORTANTE ESTE AÑO NUEVO! #DIRECTVGO",Positivo
"2♥19
  2🎫19
  2🏆19
  2⚽19
  2🎬19
  2🐉19
  2🍿19
  2📱19
  2💻19
  2🖥19
  
  ¡RT PARA QUE NUNCA TE FALTE LO MÁS IMPORTANTE ESTE AÑO NUEVO! #DIRECTVGO",Positivo
"2♥19
  2🎫19
  2🏆19
  2⚽19
  2🎬19
  2🐉19
  2🍿19
  2📱19
  2💻19
  2🖥19
  
  ¡RT PARA QUE NUNCA TE FALTE LO MÁS IMPORTANTE ESTE AÑO NUEVO! #DIRECTVGO",Positivo
"2♥19
  2🎫19
  2🏆19
  2⚽19
  2🎬19
  2🐉19
  2🍿19
  2📱19
  2💻19
  2🖥19
  
  ¡RT PARA QUE NUNCA TE FALTE LO MÁS IMPORTANTE ESTE AÑO NUEVO! #DIRECTVGO",Positivo
"2♥19
  2🎫19
  2🏆19
  2⚽19
  2🎬19
  2🐉19
  2🍿19
  2📱19
  2💻19
  2🖥19
  
  ¡RT PARA QUE NUNCA TE FALTE LO MÁS IMPORTANTE ESTE AÑO NUEVO! #DIRECTVGO",Positivo
"┏┓ 
  ┃┃╱╲ 
  ┃╱ En esta casa somos 
  ╱╱╭╮╲╲
  ▔▏┗┛▕▔
  ╱▔▔▔▔▔▔▔▔▔▔╲
  Creyentes del mejor entretenimiento
  ╱▔▔▔▔▔▔▔▔▔▔╲
  ╱╱┏┳┓╭╮┏┳┓ ╲╲ 
  ▔▏┗┻┛┃┃┗┻┛▕
  
  En #DIRECTVGO tenemos las puertas abiertas para que lo disfrutes.",Positivo
Al tener #DIRECTVGO instantáneamente serás la envidia de todos. Vive COCO donde y cuando quieras. https://t.co/fUu7tum5Pq,Positivo
"2♥19
  2🎫19
  2🏆19
  2⚽19
  2🎬19
  2🐉19
  2🍿19
  2📱19
  2💻19
  2🖥19
  
  ¡RT PARA QUE NUNCA TE FALTE LO MÁS IMPORTANTE ESTE AÑO NUEVO! #DIRECTVGO",Positivo
"Recarga tu Directv o adquiera tu plan de datos y voz de los operadores @Tigo_Colombia @ClaroColombia 
  ¡¡ #ValoresGNA más cerca de tí!!
  #DIRECTVGO #Claro #Tigo #Directv https://t.co/us6hZhUy4z",Positivo
"2♥19
  2🎫19
  2🏆19
  2⚽19
  2🎬19
  2🐉19
  2🍿19
  2📱19
  2💻19
  2🖥19
  
  ¡RT PARA QUE NUNCA TE FALTE LO MÁS IMPORTANTE ESTE AÑO NUEVO! #DIRECTVGO",Positivo
Contéstanos este tuit seleccionando una de las palabras de la imagen y te recomendaremos algo divertido para ver en tu #DIRECTVGO https://t.co/27ZF1UMRjZ,Positivo
"┏┓ 
  ┃┃╱╲ 
  ┃╱ En esta casa somos 
  ╱╱╭╮╲╲
  ▔▏┗┛▕▔
  ╱▔▔▔▔▔▔▔▔▔▔╲
  Creyentes del mejor entretenimiento
  ╱▔▔▔▔▔▔▔▔▔▔╲
  ╱╱┏┳┓╭╮┏┳┓ ╲╲ 
  ▔▏┗┻┛┃┃┗┻┛▕
  
  En #DIRECTVGO tenemos las puertas abiertas para que lo disfrutes.",Positivo
Será normal empezar y terminar una serie en un día?????,Positivo
"Si quieres devorarte SUCCESSION en una noche, debes tener #DIRECTVGO. El único pecado es no tenerlo. https://t.co/juvDh4PPhM",Positivo
Contéstanos este tuit seleccionando una de las palabras de la imagen y te recomendaremos algo divertido para ver en tu #DIRECTVGO https://t.co/27ZF1UMRjZ,Positivo
Contéstanos este tuit seleccionando una de las palabras de la imagen y te recomendaremos algo divertido para ver en tu #DIRECTVGO https://t.co/27ZF1UMRjZ,Positivo
"🎈
  🎈🎈 
  🎈🎈🎈
  ☁️ 🎈🎈🎈🎈 ☁️
  🎈🎈🎈🎈
  ☁️ 🎈🎈🎈 ☁️
  \|/
  🏠 
  ☁️ ☁️
  
  Puedes disfrutar #DIRECTVGO en cualquier lugar 
  incluso desde lo más alto.",Positivo
Con #DIRECTVGO podrás revivir todos los episodios de GAME OF THRONES que desees y sentir la pasión con cada estreno. https://t.co/SoyTf9dWd8,Positivo
"#CoppaItalia 🇮🇹🏆⚽ / Octavos de Final
  Lazio (@OfficialSSLazio) 🆚 Novara (@NovaraChannel)
  🎤Relatos: @federodas
  🎙Comentarios: @ManuOlivari
  🤳#FútbolEnDIRECTV / #LazioNovara
  📺🌎 DIRECTV Sports 2 (❌🇧🇴🇵🇾)
  📱💻 DIRECTV Play y DIRECTV Go
  Den 🔃 y/o 💟 https://t.co/olUXtNAay6",Positivo
"#CoppaItalia 🇮🇹🏆⚽ / Octavos de Final
  Sampdoria (@sampdoria) 🆚 AC Milan (@acmilan)
  🎤Relatos: @pedrobozoa
  🎙Comentarios: @rodrigojcastro
  🤳#FútbolEnDIRECTV / #SampMilan
  📺🌎 DIRECTV Sports 2 (❌🇧🇴🇵🇾)
  📱💻 DIRECTV Play y DIRECTV Go
  Den 🔃 y/o 💟 https://t.co/jUbE0rIQth",Positivo
"#CoppaItalia 🇮🇹🏆⚽ / Octavos de Final
  Bologna (@BfcOfficialPage) 🆚 Juventus (@juventusfces)
  🎤Relatos: @FDVENE
  🎙Comentarios: @SebasDecker
  🤳#FútbolEnDIRECTV / #BolognaJuve
  📺🌎 DIRECTV Sports 2 (❌🇧🇴🇵🇾)
  📱💻 DIRECTV Play y DIRECTV Go
  Den 🔃 y/o 💟 https://t.co/C5Abs4CYLd",Positivo
"#CoppaItalia 🇮🇹🏆⚽ / Octavos de Final
  Bologna (@BfcOfficialPage) 🆚 Juventus (@juventusfces)
  🎤Relatos: @FDVENE
  🎙Comentarios: @SebasDecker
  🤳#FútbolEnDIRECTV / #BolognaJuve
  📺🌎 DIRECTV Sports 2 (❌🇧🇴🇵🇾)
  📱💻 DIRECTV Play y DIRECTV Go
  Den 🔃 y/o 💟 https://t.co/C5Abs4CYLd",Positivo
"#CoppaItalia 🇮🇹🏆⚽ / Octavos de Final
  Lazio (@OfficialSSLazio) 🆚 Novara (@NovaraChannel)
  🎤Relatos: @federodas
  🎙Comentarios: @ManuOlivari
  🤳#FútbolEnDIRECTV / #LazioNovara
  📺🌎 DIRECTV Sports 2 (❌🇧🇴🇵🇾)
  📱💻 DIRECTV Play y DIRECTV Go
  Den 🔃 y/o 💟 https://t.co/olUXtNAay6",Positivo
"#CoppaItalia 🇮🇹🏆⚽ / Octavos de Final
  Sampdoria (@sampdoria) 🆚 AC Milan (@acmilan)
  🎤Relatos: @pedrobozoa
  🎙Comentarios: @rodrigojcastro
  🤳#FútbolEnDIRECTV / #SampMilan
  📺🌎 DIRECTV Sports 2 (❌🇧🇴🇵🇾)
  📱💻 DIRECTV Play y DIRECTV Go
  Den 🔃 y/o 💟 https://t.co/jUbE0rIQth",Positivo
"#CoppaItalia 🇮🇹🏆⚽ / Octavos de Final
  Bologna (@BfcOfficialPage) 🆚 Juventus (@juventusfces)
  🎤Relatos: @FDVENE
  🎙Comentarios: @SebasDecker
  🤳#FútbolEnDIRECTV / #BolognaJuve
  📺🌎 DIRECTV Sports 2 (❌🇧🇴🇵🇾)
  📱💻 DIRECTV Play y DIRECTV Go
  Den 🔃 y/o 💟 https://t.co/C5Abs4CYLd",Positivo
"@DIRECTVGO Drama:
  Contrato indefinido x arrendamiento de decodificadores @DIRECTVLA
  
  Un cliente d Movistar cuya antigüedad le permitía eximirse d las cuotas de arriendo de decos, tomara la decisión de cambiarse de cableoperador, no imaginando q ahora pagaría cuotas x deco ... indefinidamte",Positivo
"#CoppaItalia 🇮🇹🏆⚽ / Octavos de Final
  Lazio (@OfficialSSLazio) 🆚 Novara (@NovaraChannel)
  🎤Relatos: @federodas
  🎙Comentarios: @ManuOlivari
  🤳#FútbolEnDIRECTV / #LazioNovara
  📺🌎 DIRECTV Sports 2 (❌🇧🇴🇵🇾)
  📱💻 DIRECTV Play y DIRECTV Go
  Den 🔃 y/o 💟 https://t.co/olUXtNAay6",Positivo
"#CoppaItalia 🇮🇹🏆⚽ / Octavos de Final
  Sampdoria (@sampdoria) 🆚 AC Milan (@acmilan)
  🎤Relatos: @pedrobozoa
  🎙Comentarios: @rodrigojcastro
  🤳#FútbolEnDIRECTV / #SampMilan
  📺🌎 DIRECTV Sports 2 (❌🇧🇴🇵🇾)
  📱💻 DIRECTV Play y DIRECTV Go
  Den 🔃 y/o 💟 https://t.co/jUbE0rIQth",Positivo
"#CoppaItalia 🇮🇹🏆⚽ / Octavos de Final
  Bologna (@BfcOfficialPage) 🆚 Juventus (@juventusfces)
  🎤Relatos: @FDVENE
  🎙Comentarios: @SebasDecker
  🤳#FútbolEnDIRECTV / #BolognaJuve
  📺🌎 DIRECTV Sports 2 (❌🇧🇴🇵🇾)
  📱💻 DIRECTV Play y DIRECTV Go
  Den 🔃 y/o 💟 https://t.co/C5Abs4CYLd",Positivo
Contéstanos este tuit seleccionando una de las palabras de la imagen y te recomendaremos algo divertido para ver en tu #DIRECTVGO https://t.co/27ZF1UMRjZ,Positivo
Con #DIRECTVGO podrás revivir todos los episodios de GAME OF THRONES que desees y sentir la pasión con cada estreno. pic.twitter.com/SoyTf9dWd8,Positivo
"@guzpsico Bueno... Para los amantes de la ciencia ficción Alien: Covenant no es mala opción.
  
  ¿Estás listo? pic.twitter.com/fLhWdwbusO",Positivo
Con #DIRECTVGO podrás revivir todos los episodios de GAME OF THRONES que desees y sentir la pasión con cada estreno. pic.twitter.com/SoyTf9dWd8,Positivo
"#CoppaItalia 🇮🇹🏆⚽ / Octavos de Final
  Bologna (@BfcOfficialPage) 🆚 Juventus (@juventusfces)
  🎤Relatos: @FDVENE
  🎙Comentarios: @SebasDecker
  🤳#FútbolEnDIRECTV / #BolognaJuve
  📺🌎 DIRECTV Sports 2 (❌🇧🇴🇵🇾)
  📱💻 DIRECTV Play y DIRECTV Go
  Den 🔃 y/o 💟 https://t.co/C5Abs4CYLd",Positivo
"#CoppaItalia 🇮🇹🏆⚽ / Octavos de Final
  Sampdoria (@sampdoria) 🆚 AC Milan (@acmilan)
  🎤Relatos: @pedrobozoa
  🎙Comentarios: @rodrigojcastro
  🤳#FútbolEnDIRECTV / #SampMilan
  📺🌎 DIRECTV Sports 2 (❌🇧🇴🇵🇾)
  📱💻 DIRECTV Play y DIRECTV Go
  Den 🔃 y/o 💟 https://t.co/jUbE0rIQth",Positivo
"#CoppaItalia 🇮🇹🏆⚽ / Octavos de Final
  Lazio (@OfficialSSLazio) 🆚 Novara (@NovaraChannel)
  🎤Relatos: @federodas
  🎙Comentarios: @ManuOlivari
  🤳#FútbolEnDIRECTV / #LazioNovara
  📺🌎 DIRECTV Sports 2 (❌🇧🇴🇵🇾)
  📱💻 DIRECTV Play y DIRECTV Go
  Den 🔃 y/o 💟 https://t.co/olUXtNAay6",Positivo
Con #DIRECTVGO podrás revivir todos los episodios de GAME OF THRONES que desees y sentir la pasión con cada estreno. https://t.co/SoyTf9dWd8,Positivo
"#CoppaItalia 🇮🇹🏆⚽ / Octavos de Final
  Bologna (@BfcOfficialPage) 🆚 Juventus (@juventusfces)
  🎤Relatos: @FDVENE
  🎙Comentarios: @SebasDecker
  🤳#FútbolEnDIRECTV / #BolognaJuve
  📺🌎 DIRECTV Sports 2 (❌🇧🇴🇵🇾)
  📱💻 DIRECTV Play y DIRECTV Go
  Den 🔃 y/o 💟 https://t.co/C5Abs4CYLd",Positivo
Con #DIRECTVGO podrás revivir todos los episodios de GAME OF THRONES que desees y sentir la pasión con cada estreno. https://t.co/SoyTf9dWd8,Positivo
"#Ligue1Conforama 🇫🇷⚽ / Fecha 20
  Olympique de Marsella (@OM_Espanol) 🆚 Mónaco (@AS_Monaco_ES)
  🎤Relatos: @SebaQuadrelli
  🎙Comentarios: @SebasDecker
  🤳#FútbolEnDIRECTV / #OMASM - #Ligue1
  📺🌎 DIRECTV Sports / 615 - 1615 HD (❌🇧🇴🇵🇾)
  📱💻 DIRECTV Play y DIRECTV Go
  Den 🔃 y/o 💟 https://t.co/RieWCjwneN",Positivo
"#CoppaItalia 🇮🇹🏆⚽ / Octavos de Final
  Torino (@TorinoFC_1906) 🆚 Fiorentina (@acffiorentina)
  🎤Relatos: @SebaQuadrelli
  🎙Comentarios: @rodrigojcastro
  🤳#FútbolEnDIRECTV / #TorinoFiorentina
  📺🌎 DIRECTV Sports 2 (❌🇧🇴🇵🇾)
  📱💻 DIRECTV Play y DIRECTV Go
  Den 🔃 y/o 💟 https://t.co/OhMg4F7tCL",Positivo
"#CoppaItalia 🇮🇹🏆⚽ / Octavos de Final
  Inter de Milán (@Inter_es) 🆚 Benevento (@bncalcio)
  🎤Relatos: @haasenico
  🎙Comentarios: @fpetrocelli
  🤳#FútbolEnDIRECTV / #InterBenevento
  📺🌎 DIRECTV Sports 2 (❌🇧🇴🇵🇾)
  📱💻 DIRECTV Play y DIRECTV Go
  Den 🔃 y/o 💟 https://t.co/lSFWY7mnQR",Positivo
"#CoppaItalia 🇮🇹🏆⚽ / Octavos de Final
  Napoli (@sscnapoliES) 🆚 Sassuolo (@SassuoloUS)
  🎤Relatos: @pedrobozoa
  🎙Comentarios: @rodrigojcastro
  🤳#FútbolEnDIRECTV / #NapoliSassuolo
  📺🌎 DIRECTV Sports 2 (❌🇧🇴🇵🇾)
  📱💻 DIRECTV Play y DIRECTV Go
  Den 🔃 y/o 💟 https://t.co/YwRYVqukQr",Positivo
"#Ligue1Conforama 🇫🇷⚽ / Fecha 20
  Olympique de Marsella (@OM_Espanol) 🆚 Mónaco (@AS_Monaco_ES)
  🎤Relatos: @SebaQuadrelli
  🎙Comentarios: @SebasDecker
  🤳#FútbolEnDIRECTV / #OMASM - #Ligue1
  📺🌎 DIRECTV Sports / 615 - 1615 HD (❌🇧🇴🇵🇾)
  📱💻 DIRECTV Play y DIRECTV Go
  Den 🔃 y/o 💟 https://t.co/RieWCjwneN",Positivo
"#CoppaItalia 🇮🇹🏆⚽ / Octavos de Final
  Torino (@TorinoFC_1906) 🆚 Fiorentina (@acffiorentina)
  🎤Relatos: @SebaQuadrelli
  🎙Comentarios: @rodrigojcastro
  🤳#FútbolEnDIRECTV / #TorinoFiorentina
  📺🌎 DIRECTV Sports 2 (❌🇧🇴🇵🇾)
  📱💻 DIRECTV Play y DIRECTV Go
  Den 🔃 y/o 💟 https://t.co/OhMg4F7tCL",Positivo
"#CoppaItalia 🇮🇹🏆⚽ / Octavos de Final
  Inter de Milán (@Inter_es) 🆚 Benevento (@bncalcio)
  🎤Relatos: @haasenico
  🎙Comentarios: @fpetrocelli
  🤳#FútbolEnDIRECTV / #InterBenevento
  📺🌎 DIRECTV Sports 2 (❌🇧🇴🇵🇾)
  📱💻 DIRECTV Play y DIRECTV Go
  Den 🔃 y/o 💟 https://t.co/lSFWY7mnQR",Positivo
"#CoppaItalia 🇮🇹🏆⚽ / Octavos de Final
  Napoli (@sscnapoliES) 🆚 Sassuolo (@SassuoloUS)
  🎤Relatos: @pedrobozoa
  🎙Comentarios: @rodrigojcastro
  🤳#FútbolEnDIRECTV / #NapoliSassuolo
  📺🌎 DIRECTV Sports 2 (❌🇧🇴🇵🇾)
  📱💻 DIRECTV Play y DIRECTV Go
  Den 🔃 y/o 💟 https://t.co/YwRYVqukQr",Positivo
Con #DIRECTVGO podrás revivir todos los episodios de GAME OF THRONES que desees y sentir la pasión con cada estreno. https://t.co/SoyTf9dWd8,Positivo
"#Ligue1Conforama 🇫🇷⚽ / Fecha 20
  Olympique de Marsella (@OM_Espanol) 🆚 Mónaco (@AS_Monaco_ES)
  🎤Relatos: @SebaQuadrelli
  🎙Comentarios: @SebasDecker
  🤳#FútbolEnDIRECTV / #OMASM - #Ligue1
  📺🌎 DIRECTV Sports / 615 - 1615 HD (❌🇧🇴🇵🇾)
  📱💻 DIRECTV Play y DIRECTV Go
  Den 🔃 y/o 💟 https://t.co/RieWCjwneN",Positivo
"#CoppaItalia 🇮🇹🏆⚽ / Octavos de Final
  Torino (@TorinoFC_1906) 🆚 Fiorentina (@acffiorentina)
  🎤Relatos: @SebaQuadrelli
  🎙Comentarios: @rodrigojcastro
  🤳#FútbolEnDIRECTV / #TorinoFiorentina
  📺🌎 DIRECTV Sports 2 (❌🇧🇴🇵🇾)
  📱💻 DIRECTV Play y DIRECTV Go
  Den 🔃 y/o 💟 https://t.co/OhMg4F7tCL",Positivo
"#CoppaItalia 🇮🇹🏆⚽ / Octavos de Final
  Inter de Milán (@Inter_es) 🆚 Benevento (@bncalcio)
  🎤Relatos: @haasenico
  🎙Comentarios: @fpetrocelli
  🤳#FútbolEnDIRECTV / #InterBenevento
  📺🌎 DIRECTV Sports 2 (❌🇧🇴🇵🇾)
  📱💻 DIRECTV Play y DIRECTV Go
  Den 🔃 y/o 💟 https://t.co/lSFWY7mnQR",Positivo
"#CoppaItalia 🇮🇹🏆⚽ / Octavos de Final
  Napoli (@sscnapoliES) 🆚 Sassuolo (@SassuoloUS)
  🎤Relatos: @pedrobozoa
  🎙Comentarios: @rodrigojcastro
  🤳#FútbolEnDIRECTV / #NapoliSassuolo
  📺🌎 DIRECTV Sports 2 (❌🇧🇴🇵🇾)
  📱💻 DIRECTV Play y DIRECTV Go
  Den 🔃 y/o 💟 https://t.co/YwRYVqukQr",Positivo
Con #DIRECTVGO podrás revivir todos los episodios de GAME OF THRONES que desees y sentir la pasión con cada estreno. https://t.co/SoyTf9dWd8,Positivo
¡OCTAVOS DE FINAL EN LA COPPA ITALIA! @inter y @bncalcio buscan estar más cerca del título. ¿Logrará el pequeño derrotar al gigante? No te lo pierdas por #DIRECTVGO. https://t.co/g81XS4Lfee,Positivo
Por favor traigan DirecTV Go a México @ATT @ATTMx twitter.com/radiofmslp/sta…,Positivo
Con #DIRECTVGO podrás revivir todos los episodios de GAME OF THRONES que desees y sentir la pasión con cada estreno. https://t.co/SoyTf9dWd8,Positivo
Contéstanos este tuit seleccionando una de las palabras de la imagen y te recomendaremos algo divertido para ver en tu #DIRECTVGO https://t.co/27ZF1UMRjZ,Positivo
"#CoppaItalia 🇮🇹🏆⚽ / Octavos de Final
  Napoli (@sscnapoliES) 🆚 Sassuolo (@SassuoloUS)
  🎤Relatos: @pedrobozoa
  🎙Comentarios: @rodrigojcastro
  🤳#FútbolEnDIRECTV / #NapoliSassuolo
  📺🌎 DIRECTV Sports 2 (❌🇧🇴🇵🇾)
  📱💻 DIRECTV Play y DIRECTV Go
  Den 🔃 y/o 💟 https://t.co/YwRYVqukQr",Positivo
"#CoppaItalia 🇮🇹🏆⚽ / Octavos de Final
  Inter de Milán (@Inter_es) 🆚 Benevento (@bncalcio)
  🎤Relatos: @haasenico
  🎙Comentarios: @fpetrocelli
  🤳#FútbolEnDIRECTV / #InterBenevento
  📺🌎 DIRECTV Sports 2 (❌🇧🇴🇵🇾)
  📱💻 DIRECTV Play y DIRECTV Go
  Den 🔃 y/o 💟 https://t.co/lSFWY7mnQR",Positivo
"#CoppaItalia 🇮🇹🏆⚽ / Octavos de Final
  Torino (@TorinoFC_1906) 🆚 Fiorentina (@acffiorentina)
  🎤Relatos: @SebaQuadrelli
  🎙Comentarios: @rodrigojcastro
  🤳#FútbolEnDIRECTV / #TorinoFiorentina
  📺🌎 DIRECTV Sports 2 (❌🇧🇴🇵🇾)
  📱💻 DIRECTV Play y DIRECTV Go
  Den 🔃 y/o 💟 https://t.co/OhMg4F7tCL",Positivo
"#Ligue1Conforama 🇫🇷⚽ / Fecha 20
  Olympique de Marsella (@OM_Espanol) 🆚 Mónaco (@AS_Monaco_ES)
  🎤Relatos: @SebaQuadrelli
  🎙Comentarios: @SebasDecker
  🤳#FútbolEnDIRECTV / #OMASM - #Ligue1
  📺🌎 DIRECTV Sports / 615 - 1615 HD (❌🇧🇴🇵🇾)
  📱💻 DIRECTV Play y DIRECTV Go
  Den 🔃 y/o 💟 https://t.co/RieWCjwneN",Positivo
Con #DIRECTVGO podrás revivir todos los episodios de GAME OF THRONES que desees y sentir la pasión con cada estreno. https://t.co/SoyTf9dWd8,Positivo
Con #DIRECTVGO podrás revivir todos los episodios de GAME OF THRONES que desees y sentir la pasión con cada estreno. https://t.co/SoyTf9dWd8,Positivo
Con #DIRECTVGO podrás revivir todos los episodios de GAME OF THRONES que desees y sentir la pasión con cada estreno. https://t.co/SoyTf9dWd8,Positivo
Con #DIRECTVGO podrás revivir todos los episodios de GAME OF THRONES que desees y sentir la pasión con cada estreno. https://t.co/SoyTf9dWd8,Positivo
Con #DIRECTVGO podrás revivir todos los episodios de GAME OF THRONES que desees y sentir la pasión con cada estreno. https://t.co/SoyTf9dWd8,Positivo
Con #DIRECTVGO podrás revivir todos los episodios de GAME OF THRONES que desees y sentir la pasión con cada estreno. https://t.co/SoyTf9dWd8,Positivo
Con #DIRECTVGO podrás revivir todos los episodios de GAME OF THRONES que desees y sentir la pasión con cada estreno. https://t.co/SoyTf9dWd8,Positivo
Con #DIRECTVGO podrás revivir todos los episodios de GAME OF THRONES que desees y sentir la pasión con cada estreno. https://t.co/SoyTf9dWd8,Positivo
Con #DIRECTVGO podrás revivir todos los episodios de GAME OF THRONES que desees y sentir la pasión con cada estreno. https://t.co/SoyTf9dWd8,Positivo
Con #DIRECTVGO podrás revivir todos los episodios de GAME OF THRONES que desees y sentir la pasión con cada estreno. https://t.co/SoyTf9dWd8,Positivo
Con #DIRECTVGO podrás revivir todos los episodios de GAME OF THRONES que desees y sentir la pasión con cada estreno. https://t.co/SoyTf9dWd8,Positivo
"Ahora puedes disfrutar toda la nueva temporada de Versailles en @OnDIRECTV llena de historia, drama y traiciones. Disfrútala en donde estés y en todos tus dispositivos con #DIRECTVGO pic.twitter.com/9TZvCiDzzD",Positivo
"Ahora puedes disfrutar toda la nueva temporada de Versailles en @OnDIRECTV llena de historia, drama y traiciones. Disfrútala en donde estés y en todos tus dispositivos con #DIRECTVGO pic.twitter.com/9TZvCiDzzD",Positivo
¡Queremos saber cuál es tu campeonato favorito! Comparte tu respuesta usando #DIRECTVGO https://t.co/hcRzGLiQZ0,Positivo
¡Queremos saber cuál es tu campeonato favorito! Comparte tu respuesta usando #DIRECTVGO https://t.co/hcRzGLiQZ0,Positivo
A mi el servicio ha sido excelente soy cliente oro tengo la aplicación directv go sin ningún costo adiciobal tienen calidad de señal excelente gracias por un año más de servicio,Positivo
Más. Penca la wea tengo el mes de prueba y cualquier canal q ponga la wea no suena no tiene volumen vale callamapa la wea nicagando lo contrato 👌,Negativo
"Lo mejor de lo mejor actualmente en Colombia en q
 Televisión imagen, diversidad y cumplimiento ! Servicio !",Positivo
acabo de probar Directv Go en un apple tv… y debe ser la peor experiencia de uso que he tenido en esa cajita,Negativo
@Cooperativa Cabros... dejen esa wea... @DIRECTVGO la lleva...,Positivo
"Gracias!!!!!
 Revise todos los canales y efectivamente está todo espectacular señal y sonido....gracias por su ayuda....muy recomendable el servicio ...son un 10!!!!!! Gracias 🙏!!!!",Positivo
La segunda mala decisión del año; suscribirme a DIRECTV GO.,Negativo
¿Qué sería de mi vida en una finca sin DirecTV Go? 🤨,Positivo
"Definitivamente estoy viendo a @DIRECTVChile como una buena alternativa a @VTRsoporte Por lo menos no se desfasan los audios, no ponen comerciales chilenos sobre la programación tapándola, y no sacan buenos canales para cambiarlos por aserrín molido. Y creo que no soy el único.",Positivo
"Servicio malo y carísimo! Ademas la atención es pesima.... solo superado en lo malo por ETB, muchas veces se dan la mano en lo perverso!",Negativo
Está genial la app,Positivo
"Con #Directv 
 #ORO y #DirectvInternet es #Perfecto @directvco #directvgo #ReyesMagos en Cúcuta, Norte de Santander instagram.com/p/BsWwWsiFzhJq…",Positivo
Está recién partiendo pero Directv Go no tiene con qué competirle a la otras plataformas de streaming. Es cara y cada material bueno que tiene es sólo una redirección a las plataformas de los canales a las que también debes estar suscrito. Mal por ahora.,Negativo
Con #DIRECTVGO puedo disfrutar de #MaratonesDondeSea,Positivo
Con mi #DIRECTVGO podré disfrutar el mejor fútbol este 2019 y los mejores goles de #LALIGASANTANDER,Positivo
Ya poniéndome al día en los deberes del 2019... Cómo adelantarme en todas las series que dejé a medias el año pasado. 😭😭😭 @DIRECTVGO https://t.co/XaclLIKeVz,Positivo
"@Daniel_McDean @DIRECTVGO @DIRECTVCo Amo ese servicio, es muy top",Positivo
Ya poniéndome al día en los deberes del 2019... Cómo adelantarme en todas las series que dejé a medias el año pasado. 😭😭😭 @DIRECTVGO https://t.co/XaclLIKeVz,Positivo
"@DIRECTVGOAyuda Hoy he logrado por fin activar mi suscripción. 
 Gracias.",Positivo
@Daniel_McDean @DIRECTVGO @DIRECTVCo Menos mal que no perdiste ni una porque la App te las deja ver en cualquier momento,Positivo
Ya poniéndome al día en los deberes del 2019... Cómo adelantarme en todas las series que dejé a medias el año pasado. 😭😭😭 @DIRECTVGO https://t.co/XaclLIKeVz,Positivo
Ya poniéndome al día en los deberes del 2019... Cómo adelantarme en todas las series que dejé a medias el año pasado. 😭😭😭 @DIRECTVGO https://t.co/XaclLIKeVz,Positivo
La diferencia son 13.000 pesos vale la pena la inversion,Positivo
"@DIRECTVGO excelente propuesta de streaming de TV en vivo + series + pelis, con eso nos despediremos de la ochentera TV cable CC @VTRChile 
 Sólo una observación @DIRECTVGOAyuda no es posible ver La Red y forma parte de la parrilla.",Positivo
@DIRECTVGO Con DirecTV siempre!!! Desde la promoción de Navidad en que regalaban la instalación!!! :) :),Positivo
Yo lo tengo tiene cerca de 90 canales HD muy bueno lo recomiendo,Positivo
"Yo lo tengo me parece bueno ,además tienes todo el paquete premium de canales y más de 80 en hd",Positivo
Soberbia es ser un publicista que le hace este comercial a esta empresa. Un zorrón pensando que todo el mundo es como él.,Negativo
Que desilusión esto!!!,Negativo
Fomentando no solo el.materialismo si no la soberbia. Que descarados. Y que manipulación para la gente.,Negativo